"dataset","dataset_label","method","display_label","family","backend","profile","timing_interface","timing_scope","runtime_measure","n_runs","runtime","runtime_q1","runtime_q3"
"COIL20","COIL-20","fastEmbedR_umap_cpu_binary_full","fastEmbedR binary [CPU]","UMAP","cpu","cpu4","R public function","full_pipeline","r_public_function_total_call_sec",3,6.566,6.547,6.695
"COIL20","COIL-20","fastEmbedR_umap_cpu_fuzzy_full","fastEmbedR fuzzy [CPU]","UMAP","cpu","cpu4","R public function","full_pipeline","r_public_function_total_call_sec",3,6.255,6.2355,6.3765
"COIL20","COIL-20","python_umap_learn","Python umap-learn via R (total call) [CPU]","UMAP","cpu","cpu4","R/reticulate","r_mediated_total_call","r_mediated_total_call_sec",3,20.974,20.8005,21.005
"COIL20","COIL-20","python_umap_learn_direct","Python umap-learn direct (fit only) [CPU]","UMAP","cpu","cpu4","direct Python","direct_python_fit","direct_python_fit_sec",3,19.3118180399761,18.3453930753749,19.388034429634
"COIL20","COIL-20","umap_package","umap [CPU]","UMAP","cpu","cpu4","R public function","full_pipeline","r_public_function_total_call_sec",3,33.924,33.8155,34.025
"COIL20","COIL-20","uwot_default","uwot default [CPU]","UMAP","cpu","cpu4","R public function","full_pipeline","r_public_function_total_call_sec",3,20.011,19.9435,20.059
"COIL20","COIL-20","uwot_fast_sgd","uwot fast SGD [CPU]","UMAP","cpu","cpu4","R public function","full_pipeline","r_public_function_total_call_sec",3,19.23,19.2135,19.25
"COIL20","COIL-20","fastEmbedR_umap_cuda_binary_full","fastEmbedR binary [CUDA]","UMAP","cuda","cuda","R public function","full_pipeline","r_public_function_total_call_sec",3,0.588,0.585,0.6015
"COIL20","COIL-20","fastEmbedR_umap_cuda_fuzzy_full","fastEmbedR fuzzy [CUDA]","UMAP","cuda","cuda","R public function","full_pipeline","r_public_function_total_call_sec",3,0.59,0.5885,0.6165
"COIL20","COIL-20","rapids_cuml_umap_full","RAPIDS cuML UMAP via R (total call) [CUDA]","UMAP","cuda","cuda","R/reticulate","r_mediated_total_call","r_mediated_total_call_sec",3,3.358,3.348,3.401
"COIL20","COIL-20","rapids_cuml_umap_full_direct","RAPIDS cuML UMAP direct (fit only) [CUDA]","UMAP","cuda","cuda","direct Python","direct_python_fit","direct_python_fit_sec",3,1.86406767833978,1.86252010241151,1.86959386244417
"FashionMNIST","Fashion-MNIST","fastEmbedR_umap_cpu_binary_full","fastEmbedR binary [CPU]","UMAP","cpu","cpu4","R public function","full_pipeline","r_public_function_total_call_sec",3,64.648,64.4735,65.095
"FashionMNIST","Fashion-MNIST","fastEmbedR_umap_cpu_fuzzy_full","fastEmbedR fuzzy [CPU]","UMAP","cpu","cpu4","R public function","full_pipeline","r_public_function_total_call_sec",3,31.865,31.829,31.88
"FashionMNIST","Fashion-MNIST","python_umap_learn","Python umap-learn via R (total call) [CPU]","UMAP","cpu","cpu4","R/reticulate","r_mediated_total_call","r_mediated_total_call_sec",3,79.73,77.004,80.1735
"FashionMNIST","Fashion-MNIST","python_umap_learn_direct","Python umap-learn direct (fit only) [CPU]","UMAP","cpu","cpu4","direct Python","direct_python_fit","direct_python_fit_sec",3,77.2495644148439,73.1501032384112,77.4797252453863
"FashionMNIST","Fashion-MNIST","umap_package","umap [CPU]","UMAP","cpu","cpu4","R public function","full_pipeline","r_public_function_total_call_sec",3,986.037,977.722,986.3965
"FashionMNIST","Fashion-MNIST","uwot_default","uwot default [CPU]","UMAP","cpu","cpu4","R public function","full_pipeline","r_public_function_total_call_sec",3,66.096,65.9915,66.2185
"FashionMNIST","Fashion-MNIST","uwot_fast_sgd","uwot fast SGD [CPU]","UMAP","cpu","cpu4","R public function","full_pipeline","r_public_function_total_call_sec",3,46.739,46.713,46.746
"FashionMNIST","Fashion-MNIST","fastEmbedR_umap_cuda_binary_full","fastEmbedR binary [CUDA]","UMAP","cuda","cuda","R public function","full_pipeline","r_public_function_total_call_sec",3,1.06,1.0545,1.061
"FashionMNIST","Fashion-MNIST","fastEmbedR_umap_cuda_fuzzy_full","fastEmbedR fuzzy [CUDA]","UMAP","cuda","cuda","R public function","full_pipeline","r_public_function_total_call_sec",3,0.98,0.9795,0.984
"FashionMNIST","Fashion-MNIST","rapids_cuml_umap_full","RAPIDS cuML UMAP via R (total call) [CUDA]","UMAP","cuda","cuda","R/reticulate","r_mediated_total_call","r_mediated_total_call_sec",3,4.135,4.134,4.2345
"FashionMNIST","Fashion-MNIST","rapids_cuml_umap_full_direct","RAPIDS cuML UMAP direct (fit only) [CUDA]","UMAP","cuda","cuda","direct Python","direct_python_fit","direct_python_fit_sec",3,2.60256805364043,2.59907742682844,2.60710952151567
"FlowRepository_FR-FCM-ZYRM_files","FlowRepository","fastEmbedR_umap_cuda_binary_full","fastEmbedR binary [CUDA]","UMAP","cuda","cuda","R public function","full_pipeline","r_public_function_total_call_sec",3,81.329,81.1435,81.426
"FlowRepository_FR-FCM-ZYRM_files","FlowRepository","fastEmbedR_umap_cuda_fuzzy_full","fastEmbedR fuzzy [CUDA]","UMAP","cuda","cuda","R public function","full_pipeline","r_public_function_total_call_sec",3,77.134,76.8915,77.1715
"FlowRepository_FR-FCM-ZYRM_files","FlowRepository","rapids_cuml_umap_full","RAPIDS cuML UMAP via R (total call) [CUDA]","UMAP","cuda","cuda","R/reticulate","r_mediated_total_call","r_mediated_total_call_sec",3,199.395,198.3515,200.149
"FlowRepository_FR-FCM-ZYRM_files","FlowRepository","rapids_cuml_umap_full_direct","RAPIDS cuML UMAP direct (fit only) [CUDA]","UMAP","cuda","cuda","direct Python","direct_python_fit","direct_python_fit_sec",3,197.748181656934,196.814913364127,197.921184864827
"imagenet","ImageNet","fastEmbedR_umap_cpu_binary_full","fastEmbedR binary [CPU]","UMAP","cpu","cpu4","R public function","full_pipeline","r_public_function_total_call_sec",3,1182.497,1182.1485,1183.9845
"imagenet","ImageNet","fastEmbedR_umap_cpu_fuzzy_full","fastEmbedR fuzzy [CPU]","UMAP","cpu","cpu4","R public function","full_pipeline","r_public_function_total_call_sec",3,530.911,529.856,533.2765
"imagenet","ImageNet","uwot_default","uwot default [CPU]","UMAP","cpu","cpu4","R public function","full_pipeline","r_public_function_total_call_sec",3,2137.545,2135.154,2146.9745
"imagenet","ImageNet","uwot_fast_sgd","uwot fast SGD [CPU]","UMAP","cpu","cpu4","R public function","full_pipeline","r_public_function_total_call_sec",3,1820.145,1779.242,1830.4855
"imagenet","ImageNet","fastEmbedR_umap_cuda_binary_full","fastEmbedR binary [CUDA]","UMAP","cuda","cuda","R public function","full_pipeline","r_public_function_total_call_sec",3,532.663,520.425,551.204
"imagenet","ImageNet","fastEmbedR_umap_cuda_fuzzy_full","fastEmbedR fuzzy [CUDA]","UMAP","cuda","cuda","R public function","full_pipeline","r_public_function_total_call_sec",3,511.79,510.702,513.7735
"imagenet","ImageNet","rapids_cuml_umap_full","RAPIDS cuML UMAP via R (total call) [CUDA]","UMAP","cuda","cuda","R/reticulate","r_mediated_total_call","r_mediated_total_call_sec",3,326.833,326.189,327.8085
"imagenet","ImageNet","rapids_cuml_umap_full_direct","RAPIDS cuML UMAP direct (fit only) [CUDA]","UMAP","cuda","cuda","direct Python","direct_python_fit","direct_python_fit_sec",3,314.316558673978,313.249233205803,315.027831885032
"MNIST","MNIST","fastEmbedR_umap_cpu_binary_full","fastEmbedR binary [CPU]","UMAP","cpu","cpu4","R public function","full_pipeline","r_public_function_total_call_sec",3,61.463,61.3465,61.5405
"MNIST","MNIST","fastEmbedR_umap_cpu_fuzzy_full","fastEmbedR fuzzy [CPU]","UMAP","cpu","cpu4","R public function","full_pipeline","r_public_function_total_call_sec",3,29.294,29.293,29.379
"MNIST","MNIST","python_umap_learn","Python umap-learn via R (total call) [CPU]","UMAP","cpu","cpu4","R/reticulate","r_mediated_total_call","r_mediated_total_call_sec",3,83.356,83.1485,84.211
"MNIST","MNIST","python_umap_learn_direct","Python umap-learn direct (fit only) [CPU]","UMAP","cpu","cpu4","direct Python","direct_python_fit","direct_python_fit_sec",3,81.752477925038,81.6330028244993,82.3135749894427
"MNIST","MNIST","umap_package","umap [CPU]","UMAP","cpu","cpu4","R public function","full_pipeline","r_public_function_total_call_sec",3,938.783,922.178,942.2865
"MNIST","MNIST","uwot_default","uwot default [CPU]","UMAP","cpu","cpu4","R public function","full_pipeline","r_public_function_total_call_sec",3,68.042,67.8455,68.103
"MNIST","MNIST","uwot_fast_sgd","uwot fast SGD [CPU]","UMAP","cpu","cpu4","R public function","full_pipeline","r_public_function_total_call_sec",3,48.807,48.7955,49.1445
"MNIST","MNIST","fastEmbedR_umap_cuda_binary_full","fastEmbedR binary [CUDA]","UMAP","cuda","cuda","R public function","full_pipeline","r_public_function_total_call_sec",3,1.059,1.0555,1.0625
"MNIST","MNIST","fastEmbedR_umap_cuda_fuzzy_full","fastEmbedR fuzzy [CUDA]","UMAP","cuda","cuda","R public function","full_pipeline","r_public_function_total_call_sec",3,0.973,0.96,0.9855
"MNIST","MNIST","rapids_cuml_umap_full","RAPIDS cuML UMAP via R (total call) [CUDA]","UMAP","cuda","cuda","R/reticulate","r_mediated_total_call","r_mediated_total_call_sec",3,4.099,4.0905,4.1205
"MNIST","MNIST","rapids_cuml_umap_full_direct","RAPIDS cuML UMAP direct (fit only) [CUDA]","UMAP","cuda","cuda","direct Python","direct_python_fit","direct_python_fit_sec",3,2.56984229385853,2.56647183792666,2.57658606069162
"MetRef","MetRef","fastEmbedR_umap_cpu_binary_full","fastEmbedR binary [CPU]","UMAP","cpu","cpu4","R public function","full_pipeline","r_public_function_total_call_sec",3,0.853,0.8305,0.855
"MetRef","MetRef","fastEmbedR_umap_cpu_fuzzy_full","fastEmbedR fuzzy [CPU]","UMAP","cpu","cpu4","R public function","full_pipeline","r_public_function_total_call_sec",3,0.599,0.585,0.615
"MetRef","MetRef","python_umap_learn","Python umap-learn via R (total call) [CPU]","UMAP","cpu","cpu4","R/reticulate","r_mediated_total_call","r_mediated_total_call_sec",3,15.081,14.6945,15.102
"MetRef","MetRef","python_umap_learn_direct","Python umap-learn direct (fit only) [CPU]","UMAP","cpu","cpu4","direct Python","direct_python_fit","direct_python_fit_sec",3,12.4954642071389,12.3284325001296,12.7064031065674
"MetRef","MetRef","umap_package","umap [CPU]","UMAP","cpu","cpu4","R public function","full_pipeline","r_public_function_total_call_sec",3,3.188,3.1685,3.349
"MetRef","MetRef","uwot_default","uwot default [CPU]","UMAP","cpu","cpu4","R public function","full_pipeline","r_public_function_total_call_sec",3,1.918,1.9065,1.955
"MetRef","MetRef","uwot_fast_sgd","uwot fast SGD [CPU]","UMAP","cpu","cpu4","R public function","full_pipeline","r_public_function_total_call_sec",3,1.61,1.5985,1.613
"MetRef","MetRef","fastEmbedR_umap_cuda_binary_full","fastEmbedR binary [CUDA]","UMAP","cuda","cuda","R public function","full_pipeline","r_public_function_total_call_sec",3,0.567,0.56,0.567
"MetRef","MetRef","fastEmbedR_umap_cuda_fuzzy_full","fastEmbedR fuzzy [CUDA]","UMAP","cuda","cuda","R public function","full_pipeline","r_public_function_total_call_sec",3,0.544,0.542,0.5545
"MetRef","MetRef","rapids_cuml_umap_full","RAPIDS cuML UMAP via R (total call) [CUDA]","UMAP","cuda","cuda","R/reticulate","r_mediated_total_call","r_mediated_total_call_sec",3,3.009,3.007,3.014
"MetRef","MetRef","rapids_cuml_umap_full_direct","RAPIDS cuML UMAP direct (fit only) [CUDA]","UMAP","cuda","cuda","direct Python","direct_python_fit","direct_python_fit_sec",3,1.79930601175874,1.79632379487157,1.7995433663018
"Macosko2015_retina","Retina","fastEmbedR_umap_cpu_binary_full","fastEmbedR binary [CPU]","UMAP","cpu","cpu4","R public function","full_pipeline","r_public_function_total_call_sec",3,32.805,32.7705,32.903
"Macosko2015_retina","Retina","fastEmbedR_umap_cpu_fuzzy_full","fastEmbedR fuzzy [CPU]","UMAP","cpu","cpu4","R public function","full_pipeline","r_public_function_total_call_sec",3,10.07,10.0505,10.084
"Macosko2015_retina","Retina","python_umap_learn","Python umap-learn via R (total call) [CPU]","UMAP","cpu","cpu4","R/reticulate","r_mediated_total_call","r_mediated_total_call_sec",3,50.987,50.5515,51.574
"Macosko2015_retina","Retina","python_umap_learn_direct","Python umap-learn direct (fit only) [CPU]","UMAP","cpu","cpu4","direct Python","direct_python_fit","direct_python_fit_sec",3,49.5112347989343,49.3873907953966,49.5538525304291
"Macosko2015_retina","Retina","umap_package","umap [CPU]","UMAP","cpu","cpu4","R public function","full_pipeline","r_public_function_total_call_sec",3,363.6,359.0475,366.193
"Macosko2015_retina","Retina","uwot_default","uwot default [CPU]","UMAP","cpu","cpu4","R public function","full_pipeline","r_public_function_total_call_sec",3,25.561,25.5325,25.71
"Macosko2015_retina","Retina","uwot_fast_sgd","uwot fast SGD [CPU]","UMAP","cpu","cpu4","R public function","full_pipeline","r_public_function_total_call_sec",3,12.583,12.498,12.599
"Macosko2015_retina","Retina","fastEmbedR_umap_cuda_binary_full","fastEmbedR binary [CUDA]","UMAP","cuda","cuda","R public function","full_pipeline","r_public_function_total_call_sec",3,0.672,0.6675,0.673
"Macosko2015_retina","Retina","fastEmbedR_umap_cuda_fuzzy_full","fastEmbedR fuzzy [CUDA]","UMAP","cuda","cuda","R public function","full_pipeline","r_public_function_total_call_sec",3,0.611,0.607,0.634
"Macosko2015_retina","Retina","rapids_cuml_umap_full","RAPIDS cuML UMAP via R (total call) [CUDA]","UMAP","cuda","cuda","R/reticulate","r_mediated_total_call","r_mediated_total_call_sec",3,3.157,3.151,3.2065
"Macosko2015_retina","Retina","rapids_cuml_umap_full_direct","RAPIDS cuML UMAP direct (fit only) [CUDA]","UMAP","cuda","cuda","direct Python","direct_python_fit","direct_python_fit_sec",3,1.93199953064322,1.92589293187484,1.94116666447371
"TabulaMuris","Tabula Muris","fastEmbedR_umap_cpu_binary_full","fastEmbedR binary [CPU]","UMAP","cpu","cpu4","R public function","full_pipeline","r_public_function_total_call_sec",3,65.458,65.245,65.517
"TabulaMuris","Tabula Muris","fastEmbedR_umap_cpu_fuzzy_full","fastEmbedR fuzzy [CPU]","UMAP","cpu","cpu4","R public function","full_pipeline","r_public_function_total_call_sec",3,20.359,20.2555,20.4665
"TabulaMuris","Tabula Muris","python_umap_learn","Python umap-learn via R (total call) [CPU]","UMAP","cpu","cpu4","R/reticulate","r_mediated_total_call","r_mediated_total_call_sec",3,90.442,88.7825,93.868
"TabulaMuris","Tabula Muris","python_umap_learn_direct","Python umap-learn direct (fit only) [CPU]","UMAP","cpu","cpu4","direct Python","direct_python_fit","direct_python_fit_sec",3,85.8204787860159,85.7404421430547,87.7716002280359
"TabulaMuris","Tabula Muris","umap_package","umap [CPU]","UMAP","cpu","cpu4","R public function","full_pipeline","r_public_function_total_call_sec",3,734.107,733.2665,737.0085
"TabulaMuris","Tabula Muris","uwot_default","uwot default [CPU]","UMAP","cpu","cpu4","R public function","full_pipeline","r_public_function_total_call_sec",3,70.198,69.97,70.336
"TabulaMuris","Tabula Muris","uwot_fast_sgd","uwot fast SGD [CPU]","UMAP","cpu","cpu4","R public function","full_pipeline","r_public_function_total_call_sec",3,44.451,43.977,45.0665
"TabulaMuris","Tabula Muris","fastEmbedR_umap_cuda_binary_full","fastEmbedR binary [CUDA]","UMAP","cuda","cuda","R public function","full_pipeline","r_public_function_total_call_sec",3,0.897,0.8915,0.9125
"TabulaMuris","Tabula Muris","fastEmbedR_umap_cuda_fuzzy_full","fastEmbedR fuzzy [CUDA]","UMAP","cuda","cuda","R public function","full_pipeline","r_public_function_total_call_sec",3,0.811,0.807,0.8255
"TabulaMuris","Tabula Muris","rapids_cuml_umap_full","RAPIDS cuML UMAP via R (total call) [CUDA]","UMAP","cuda","cuda","R/reticulate","r_mediated_total_call","r_mediated_total_call_sec",3,3.638,3.622,3.6435
"TabulaMuris","Tabula Muris","rapids_cuml_umap_full_direct","RAPIDS cuML UMAP direct (fit only) [CUDA]","UMAP","cuda","cuda","direct Python","direct_python_fit","direct_python_fit_sec",3,2.3722264803946,2.35661225859076,2.37270225817337
"USPS","USPS","fastEmbedR_umap_cpu_binary_full","fastEmbedR binary [CPU]","UMAP","cpu","cpu4","R public function","full_pipeline","r_public_function_total_call_sec",3,8.262,8.261,8.2895
"USPS","USPS","fastEmbedR_umap_cpu_fuzzy_full","fastEmbedR fuzzy [CPU]","UMAP","cpu","cpu4","R public function","full_pipeline","r_public_function_total_call_sec",3,3.956,3.951,3.9615
"USPS","USPS","python_umap_learn","Python umap-learn via R (total call) [CPU]","UMAP","cpu","cpu4","R/reticulate","r_mediated_total_call","r_mediated_total_call_sec",3,22.939,22.5165,23.2385
"USPS","USPS","python_umap_learn_direct","Python umap-learn direct (fit only) [CPU]","UMAP","cpu","cpu4","direct Python","direct_python_fit","direct_python_fit_sec",3,21.3630882289726,20.9046891705365,21.4163335064659
"USPS","USPS","umap_package","umap [CPU]","UMAP","cpu","cpu4","R public function","full_pipeline","r_public_function_total_call_sec",3,78.252,77.8485,81.5465
"USPS","USPS","uwot_default","uwot default [CPU]","UMAP","cpu","cpu4","R public function","full_pipeline","r_public_function_total_call_sec",3,8.32,8.242,8.3635
"USPS","USPS","uwot_fast_sgd","uwot fast SGD [CPU]","UMAP","cpu","cpu4","R public function","full_pipeline","r_public_function_total_call_sec",3,5.841,5.8285,5.8455
"USPS","USPS","fastEmbedR_umap_cuda_binary_full","fastEmbedR binary [CUDA]","UMAP","cuda","cuda","R public function","full_pipeline","r_public_function_total_call_sec",3,0.563,0.5595,0.57
"USPS","USPS","fastEmbedR_umap_cuda_fuzzy_full","fastEmbedR fuzzy [CUDA]","UMAP","cuda","cuda","R public function","full_pipeline","r_public_function_total_call_sec",3,0.57,0.5625,0.57
"USPS","USPS","rapids_cuml_umap_full","RAPIDS cuML UMAP via R (total call) [CUDA]","UMAP","cuda","cuda","R/reticulate","r_mediated_total_call","r_mediated_total_call_sec",3,2.979,2.9775,2.987
"USPS","USPS","rapids_cuml_umap_full_direct","RAPIDS cuML UMAP direct (fit only) [CUDA]","UMAP","cuda","cuda","direct Python","direct_python_fit","direct_python_fit_sec",3,1.75825468637049,1.75695904763416,1.77371809491888
"flow18","flow18","fastEmbedR_umap_cpu_binary_full","fastEmbedR binary [CPU]","UMAP","cpu","cpu4","R public function","full_pipeline","r_public_function_total_call_sec",3,643.102,641.449,643.221
"flow18","flow18","fastEmbedR_umap_cpu_fuzzy_full","fastEmbedR fuzzy [CPU]","UMAP","cpu","cpu4","R public function","full_pipeline","r_public_function_total_call_sec",3,221.333,220.2215,221.7285
"flow18","flow18","python_umap_learn","Python umap-learn via R (total call) [CPU]","UMAP","cpu","cpu4","R/reticulate","r_mediated_total_call","r_mediated_total_call_sec",3,1143.379,1106.332,1154.2565
"flow18","flow18","python_umap_learn_direct","Python umap-learn direct (fit only) [CPU]","UMAP","cpu","cpu4","direct Python","direct_python_fit","direct_python_fit_sec",3,1126.65822762297,1109.20507570845,1146.921354071
"flow18","flow18","uwot_default","uwot default [CPU]","UMAP","cpu","cpu4","R public function","full_pipeline","r_public_function_total_call_sec",3,1007.355,1005.926,1007.9715
"flow18","flow18","uwot_fast_sgd","uwot fast SGD [CPU]","UMAP","cpu","cpu4","R public function","full_pipeline","r_public_function_total_call_sec",3,689.098,688.1915,690.1035
"flow18","flow18","fastEmbedR_umap_cuda_binary_full","fastEmbedR binary [CUDA]","UMAP","cuda","cuda","R public function","full_pipeline","r_public_function_total_call_sec",3,2.574,2.571,2.5755
"flow18","flow18","fastEmbedR_umap_cuda_fuzzy_full","fastEmbedR fuzzy [CUDA]","UMAP","cuda","cuda","R public function","full_pipeline","r_public_function_total_call_sec",3,1.763,1.7575,1.7765
"flow18","flow18","rapids_cuml_umap_full","RAPIDS cuML UMAP via R (total call) [CUDA]","UMAP","cuda","cuda","R/reticulate","r_mediated_total_call","r_mediated_total_call_sec",3,12.095,11.9695,12.1205
"flow18","flow18","rapids_cuml_umap_full_direct","RAPIDS cuML UMAP direct (fit only) [CUDA]","UMAP","cuda","cuda","direct Python","direct_python_fit","direct_python_fit_sec",3,10.7477177632973,10.6208542222158,10.7515285941773
"mass41","mass41","fastEmbedR_umap_cpu_binary_full","fastEmbedR binary [CPU]","UMAP","cpu","cpu4","R public function","full_pipeline","r_public_function_total_call_sec",3,648.497,648.0655,650.0025
"mass41","mass41","fastEmbedR_umap_cpu_fuzzy_full","fastEmbedR fuzzy [CPU]","UMAP","cpu","cpu4","R public function","full_pipeline","r_public_function_total_call_sec",3,214.018,213.9825,214.781
"mass41","mass41","python_umap_learn","Python umap-learn via R (total call) [CPU]","UMAP","cpu","cpu4","R/reticulate","r_mediated_total_call","r_mediated_total_call_sec",3,1118.253,1084.5035,1118.6075
"mass41","mass41","python_umap_learn_direct","Python umap-learn direct (fit only) [CPU]","UMAP","cpu","cpu4","direct Python","direct_python_fit","direct_python_fit_sec",3,1121.98841348523,1091.36205221363,1128.05325653544
"mass41","mass41","uwot_default","uwot default [CPU]","UMAP","cpu","cpu4","R public function","full_pipeline","r_public_function_total_call_sec",3,661.551,658.405,661.556
"mass41","mass41","uwot_fast_sgd","uwot fast SGD [CPU]","UMAP","cpu","cpu4","R public function","full_pipeline","r_public_function_total_call_sec",3,347.603,346.8565,348.8995
"mass41","mass41","fastEmbedR_umap_cuda_binary_full","fastEmbedR binary [CUDA]","UMAP","cuda","cuda","R public function","full_pipeline","r_public_function_total_call_sec",3,2.997,2.9645,3.015
"mass41","mass41","fastEmbedR_umap_cuda_fuzzy_full","fastEmbedR fuzzy [CUDA]","UMAP","cuda","cuda","R public function","full_pipeline","r_public_function_total_call_sec",3,2.093,2.089,2.099
"mass41","mass41","rapids_cuml_umap_full","RAPIDS cuML UMAP via R (total call) [CUDA]","UMAP","cuda","cuda","R/reticulate","r_mediated_total_call","r_mediated_total_call_sec",3,9.576,9.5345,9.6345
"mass41","mass41","rapids_cuml_umap_full_direct","RAPIDS cuML UMAP direct (fit only) [CUDA]","UMAP","cuda","cuda","direct Python","direct_python_fit","direct_python_fit_sec",3,8.14320587273687,8.14034624071791,8.15092507284134
"COIL20","COIL-20","KlugerLab_FItSNE","FIt-SNE [CPU]","t-SNE","cpu","cpu4","R public function","full_pipeline","r_public_function_total_call_sec",3,18.756,18.714,19.6425
"COIL20","COIL-20","Rtsne_full","Rtsne [CPU]","t-SNE","cpu","cpu4","R public function","full_pipeline","r_public_function_total_call_sec",3,5.051,5.0505,5.0575
"COIL20","COIL-20","fastEmbedR_tsne_cpu_full","fastEmbedR t-SNE [CPU]","t-SNE","cpu","cpu4","R public function","full_pipeline","r_public_function_total_call_sec",3,8.719,8.6245,8.768
"COIL20","COIL-20","python_opentsne_fft","Python openTSNE via R (total call) [CPU]","t-SNE","cpu","cpu4","R/reticulate","r_mediated_total_call","r_mediated_total_call_sec",3,36.631,35.3375,38.602
"COIL20","COIL-20","python_opentsne_fft_direct","Python openTSNE direct (fit only) [CPU]","t-SNE","cpu","cpu4","direct Python","direct_python_fit","direct_python_fit_sec",3,30.9538748310879,30.3245661696419,32.018502243096
"COIL20","COIL-20","fastEmbedR_tsne_cuda_full","fastEmbedR t-SNE [CUDA]","t-SNE","cuda","cuda","R public function","full_pipeline","r_public_function_total_call_sec",3,6.399,6.397,6.464
"COIL20","COIL-20","rapids_cuml_tsne_full","RAPIDS cuML t-SNE via R (total call) [CUDA]","t-SNE","cuda","cuda","R/reticulate","r_mediated_total_call","r_mediated_total_call_sec",3,5.812,5.8055,6.1385
"COIL20","COIL-20","rapids_cuml_tsne_full_direct","RAPIDS cuML t-SNE direct (fit only) [CUDA]","t-SNE","cuda","cuda","direct Python","direct_python_fit","direct_python_fit_sec",3,2.11078825686127,2.10531478840858,2.12195726763457
"FashionMNIST","Fashion-MNIST","KlugerLab_FItSNE","FIt-SNE [CPU]","t-SNE","cpu","cpu4","R public function","full_pipeline","r_public_function_total_call_sec",3,80.747,80.2775,83.2065
"FashionMNIST","Fashion-MNIST","Rtsne_full","Rtsne [CPU]","t-SNE","cpu","cpu4","R public function","full_pipeline","r_public_function_total_call_sec",3,68.523,68.07,68.7755
"FashionMNIST","Fashion-MNIST","fastEmbedR_tsne_cpu_full","fastEmbedR t-SNE [CPU]","t-SNE","cpu","cpu4","R public function","full_pipeline","r_public_function_total_call_sec",3,43.96,43.403,44.6105
"FashionMNIST","Fashion-MNIST","python_opentsne_fft","Python openTSNE via R (total call) [CPU]","t-SNE","cpu","cpu4","R/reticulate","r_mediated_total_call","r_mediated_total_call_sec",3,120.127,119.67,121.907
"FashionMNIST","Fashion-MNIST","python_opentsne_fft_direct","Python openTSNE direct (fit only) [CPU]","t-SNE","cpu","cpu4","direct Python","direct_python_fit","direct_python_fit_sec",3,109.011737803929,108.550643150462,111.20113939885
"FashionMNIST","Fashion-MNIST","fastEmbedR_tsne_cuda_full","fastEmbedR t-SNE [CUDA]","t-SNE","cuda","cuda","R public function","full_pipeline","r_public_function_total_call_sec",3,1.93,1.924,1.978
"FashionMNIST","Fashion-MNIST","rapids_cuml_tsne_full","RAPIDS cuML t-SNE via R (total call) [CUDA]","t-SNE","cuda","cuda","R/reticulate","r_mediated_total_call","r_mediated_total_call_sec",3,6.78,6.652,7.8165
"FashionMNIST","Fashion-MNIST","rapids_cuml_tsne_full_direct","RAPIDS cuML t-SNE direct (fit only) [CUDA]","t-SNE","cuda","cuda","direct Python","direct_python_fit","direct_python_fit_sec",3,2.91078185662627,2.86363128572702,2.94125327048823
"FlowRepository_FR-FCM-ZYRM_files","FlowRepository","KlugerLab_FItSNE","FIt-SNE [CPU]","t-SNE","cpu","cpu4","R public function","full_pipeline","r_public_function_total_call_sec",3,3059.239,3057.445,3074.7765
"FlowRepository_FR-FCM-ZYRM_files","FlowRepository","fastEmbedR_tsne_cpu_full","fastEmbedR t-SNE [CPU]","t-SNE","cpu","cpu4","R public function","full_pipeline","r_public_function_total_call_sec",3,1315.03,1312.935,1324.2305
"FlowRepository_FR-FCM-ZYRM_files","FlowRepository","fastEmbedR_tsne_cuda_full","fastEmbedR t-SNE [CUDA]","t-SNE","cuda","cuda","R public function","full_pipeline","r_public_function_total_call_sec",3,90.707,90.587,90.962
"FlowRepository_FR-FCM-ZYRM_files","FlowRepository","rapids_cuml_tsne_full_direct","RAPIDS cuML t-SNE direct (fit only) [CUDA]","t-SNE","cuda","cuda","direct Python","direct_python_fit","direct_python_fit_sec",3,779.210353499278,766.009776502847,779.909238719381
"imagenet","ImageNet","KlugerLab_FItSNE","FIt-SNE [CPU]","t-SNE","cpu","cpu4","R public function","full_pipeline","r_public_function_total_call_sec",3,1986.943,1986.072,1989.382
"imagenet","ImageNet","Rtsne_full","Rtsne [CPU]","t-SNE","cpu","cpu4","R public function","full_pipeline","r_public_function_total_call_sec",3,13820.252,13778.178,13848.4835
"imagenet","ImageNet","fastEmbedR_tsne_cpu_full","fastEmbedR t-SNE [CPU]","t-SNE","cpu","cpu4","R public function","full_pipeline","r_public_function_total_call_sec",3,490.45,488.4115,490.4845
"imagenet","ImageNet","fastEmbedR_tsne_cuda_full","fastEmbedR t-SNE [CUDA]","t-SNE","cuda","cuda","R public function","full_pipeline","r_public_function_total_call_sec",3,518.552,506.6345,522.825
"imagenet","ImageNet","rapids_cuml_tsne_full_direct","RAPIDS cuML t-SNE direct (fit only) [CUDA]","t-SNE","cuda","cuda","direct Python","direct_python_fit","direct_python_fit_sec",3,166.472339186817,163.755921480245,168.255837560166
"MNIST","MNIST","KlugerLab_FItSNE","FIt-SNE [CPU]","t-SNE","cpu","cpu4","R public function","full_pipeline","r_public_function_total_call_sec",3,88.693,88.295,88.7705
"MNIST","MNIST","Rtsne_full","Rtsne [CPU]","t-SNE","cpu","cpu4","R public function","full_pipeline","r_public_function_total_call_sec",3,93.812,93.7865,94.4715
"MNIST","MNIST","fastEmbedR_tsne_cpu_full","fastEmbedR t-SNE [CPU]","t-SNE","cpu","cpu4","R public function","full_pipeline","r_public_function_total_call_sec",3,43.287,43.0625,43.65
"MNIST","MNIST","python_opentsne_fft","Python openTSNE via R (total call) [CPU]","t-SNE","cpu","cpu4","R/reticulate","r_mediated_total_call","r_mediated_total_call_sec",3,156.313,156.0345,157.226
"MNIST","MNIST","python_opentsne_fft_direct","Python openTSNE direct (fit only) [CPU]","t-SNE","cpu","cpu4","direct Python","direct_python_fit","direct_python_fit_sec",3,149.059720859863,147.878489239957,150.988541688421
"MNIST","MNIST","fastEmbedR_tsne_cuda_full","fastEmbedR t-SNE [CUDA]","t-SNE","cuda","cuda","R public function","full_pipeline","r_public_function_total_call_sec",3,1.911,1.899,1.9465
"MNIST","MNIST","rapids_cuml_tsne_full","RAPIDS cuML t-SNE via R (total call) [CUDA]","t-SNE","cuda","cuda","R/reticulate","r_mediated_total_call","r_mediated_total_call_sec",3,6.433,6.4245,6.4445
"MNIST","MNIST","rapids_cuml_tsne_full_direct","RAPIDS cuML t-SNE direct (fit only) [CUDA]","t-SNE","cuda","cuda","direct Python","direct_python_fit","direct_python_fit_sec",3,2.71646160166711,2.71112602716312,2.72078189998865
"MetRef","MetRef","KlugerLab_FItSNE","FIt-SNE [CPU]","t-SNE","cpu","cpu4","R public function","full_pipeline","r_public_function_total_call_sec",3,4.496,4.2495,4.56
"MetRef","MetRef","Rtsne_full","Rtsne [CPU]","t-SNE","cpu","cpu4","R public function","full_pipeline","r_public_function_total_call_sec",3,1.009,1.007,1.0615
"MetRef","MetRef","fastEmbedR_tsne_cpu_full","fastEmbedR t-SNE [CPU]","t-SNE","cpu","cpu4","R public function","full_pipeline","r_public_function_total_call_sec",3,1.733,1.6785,1.74
"MetRef","MetRef","python_opentsne_fft","Python openTSNE via R (total call) [CPU]","t-SNE","cpu","cpu4","R/reticulate","r_mediated_total_call","r_mediated_total_call_sec",3,18.305,18.0775,22.2015
"MetRef","MetRef","python_opentsne_fft_direct","Python openTSNE direct (fit only) [CPU]","t-SNE","cpu","cpu4","direct Python","direct_python_fit","direct_python_fit_sec",3,15.593038574094,14.6339892125688,15.6910352250562
"MetRef","MetRef","fastEmbedR_tsne_cuda_full","fastEmbedR t-SNE [CUDA]","t-SNE","cuda","cuda","R public function","full_pipeline","r_public_function_total_call_sec",3,0.7,0.686,0.723
"MetRef","MetRef","rapids_cuml_tsne_full","RAPIDS cuML t-SNE via R (total call) [CUDA]","t-SNE","cuda","cuda","R/reticulate","r_mediated_total_call","r_mediated_total_call_sec",3,5.048,5.0205,5.051
"MetRef","MetRef","rapids_cuml_tsne_full_direct","RAPIDS cuML t-SNE direct (fit only) [CUDA]","t-SNE","cuda","cuda","direct Python","direct_python_fit","direct_python_fit_sec",3,1.59085529483855,1.58753224462271,1.59197025280446
"Macosko2015_retina","Retina","KlugerLab_FItSNE","FIt-SNE [CPU]","t-SNE","cpu","cpu4","R public function","full_pipeline","r_public_function_total_call_sec",3,21.806,21.8025,21.8395
"Macosko2015_retina","Retina","Rtsne_full","Rtsne [CPU]","t-SNE","cpu","cpu4","R public function","full_pipeline","r_public_function_total_call_sec",3,34.887,34.6195,35.0625
"Macosko2015_retina","Retina","fastEmbedR_tsne_cpu_full","fastEmbedR t-SNE [CPU]","t-SNE","cpu","cpu4","R public function","full_pipeline","r_public_function_total_call_sec",3,11.695,11.3525,11.727
"Macosko2015_retina","Retina","python_opentsne_fft","Python openTSNE via R (total call) [CPU]","t-SNE","cpu","cpu4","R/reticulate","r_mediated_total_call","r_mediated_total_call_sec",3,75.343,72.79,78.1375
"Macosko2015_retina","Retina","python_opentsne_fft_direct","Python openTSNE direct (fit only) [CPU]","t-SNE","cpu","cpu4","direct Python","direct_python_fit","direct_python_fit_sec",3,65.9533350327983,64.160100797424,67.6423673573881
"Macosko2015_retina","Retina","fastEmbedR_tsne_cuda_full","fastEmbedR t-SNE [CUDA]","t-SNE","cuda","cuda","R public function","full_pipeline","r_public_function_total_call_sec",3,0.905,0.8935,0.95
"Macosko2015_retina","Retina","rapids_cuml_tsne_full","RAPIDS cuML t-SNE via R (total call) [CUDA]","t-SNE","cuda","cuda","R/reticulate","r_mediated_total_call","r_mediated_total_call_sec",3,5.668,5.66,6.019
"Macosko2015_retina","Retina","rapids_cuml_tsne_full_direct","RAPIDS cuML t-SNE direct (fit only) [CUDA]","t-SNE","cuda","cuda","direct Python","direct_python_fit","direct_python_fit_sec",3,2.26436308585107,2.26005031121895,2.26533065084368
"TabulaMuris","Tabula Muris","KlugerLab_FItSNE","FIt-SNE [CPU]","t-SNE","cpu","cpu4","R public function","full_pipeline","r_public_function_total_call_sec",3,45.899,45.8675,47.568
"TabulaMuris","Tabula Muris","Rtsne_full","Rtsne [CPU]","t-SNE","cpu","cpu4","R public function","full_pipeline","r_public_function_total_call_sec",3,77.824,77.1905,78.406
"TabulaMuris","Tabula Muris","fastEmbedR_tsne_cpu_full","fastEmbedR t-SNE [CPU]","t-SNE","cpu","cpu4","R public function","full_pipeline","r_public_function_total_call_sec",3,30.216,30.039,30.4805
"TabulaMuris","Tabula Muris","python_opentsne_fft","Python openTSNE via R (total call) [CPU]","t-SNE","cpu","cpu4","R/reticulate","r_mediated_total_call","r_mediated_total_call_sec",3,94.445,92.86,97.795
"TabulaMuris","Tabula Muris","python_opentsne_fft_direct","Python openTSNE direct (fit only) [CPU]","t-SNE","cpu","cpu4","direct Python","direct_python_fit","direct_python_fit_sec",3,87.8777839019895,87.6628818300087,89.9889848229941
"TabulaMuris","Tabula Muris","fastEmbedR_tsne_cuda_full","fastEmbedR t-SNE [CUDA]","t-SNE","cuda","cuda","R public function","full_pipeline","r_public_function_total_call_sec",3,3.053,3.047,3.1055
"TabulaMuris","Tabula Muris","rapids_cuml_tsne_full","RAPIDS cuML t-SNE via R (total call) [CUDA]","t-SNE","cuda","cuda","R/reticulate","r_mediated_total_call","r_mediated_total_call_sec",3,6.195,6.19,6.214
"TabulaMuris","Tabula Muris","rapids_cuml_tsne_full_direct","RAPIDS cuML t-SNE direct (fit only) [CUDA]","t-SNE","cuda","cuda","direct Python","direct_python_fit","direct_python_fit_sec",3,2.69658135436475,2.67737882537767,2.72798268869519
"USPS","USPS","KlugerLab_FItSNE","FIt-SNE [CPU]","t-SNE","cpu","cpu4","R public function","full_pipeline","r_public_function_total_call_sec",3,14.741,14.6635,15.247
"USPS","USPS","Rtsne_full","Rtsne [CPU]","t-SNE","cpu","cpu4","R public function","full_pipeline","r_public_function_total_call_sec",3,8.886,8.722,8.9625
"USPS","USPS","fastEmbedR_tsne_cpu_full","fastEmbedR t-SNE [CPU]","t-SNE","cpu","cpu4","R public function","full_pipeline","r_public_function_total_call_sec",3,7.316,7.237,7.3235
"USPS","USPS","python_opentsne_fft","Python openTSNE via R (total call) [CPU]","t-SNE","cpu","cpu4","R/reticulate","r_mediated_total_call","r_mediated_total_call_sec",2,47.8005,47.11975,48.48125
"USPS","USPS","python_opentsne_fft_direct","Python openTSNE direct (fit only) [CPU]","t-SNE","cpu","cpu4","direct Python","direct_python_fit","direct_python_fit_sec",3,44.5203884639777,43.9677056154469,44.5263945724582
"USPS","USPS","fastEmbedR_tsne_cuda_full","fastEmbedR t-SNE [CUDA]","t-SNE","cuda","cuda","R public function","full_pipeline","r_public_function_total_call_sec",3,0.73,0.725,0.767
"USPS","USPS","rapids_cuml_tsne_full","RAPIDS cuML t-SNE via R (total call) [CUDA]","t-SNE","cuda","cuda","R/reticulate","r_mediated_total_call","r_mediated_total_call_sec",3,5.358,5.3545,5.3605
"USPS","USPS","rapids_cuml_tsne_full_direct","RAPIDS cuML t-SNE direct (fit only) [CUDA]","t-SNE","cuda","cuda","direct Python","direct_python_fit","direct_python_fit_sec",3,1.94197330996394,1.94036589935422,1.95025413343683
"flow18","flow18","KlugerLab_FItSNE","FIt-SNE [CPU]","t-SNE","cpu","cpu4","R public function","full_pipeline","r_public_function_total_call_sec",3,397.095,388.8085,397.199
"flow18","flow18","Rtsne_full","Rtsne [CPU]","t-SNE","cpu","cpu4","R public function","full_pipeline","r_public_function_total_call_sec",3,1584.667,1544.2785,1613.29
"flow18","flow18","fastEmbedR_tsne_cpu_full","fastEmbedR t-SNE [CPU]","t-SNE","cpu","cpu4","R public function","full_pipeline","r_public_function_total_call_sec",3,178.629,177.8185,178.9035
"flow18","flow18","python_opentsne_fft","Python openTSNE via R (total call) [CPU]","t-SNE","cpu","cpu4","R/reticulate","r_mediated_total_call","r_mediated_total_call_sec",3,622.765,594.62,640.053
"flow18","flow18","python_opentsne_fft_direct","Python openTSNE direct (fit only) [CPU]","t-SNE","cpu","cpu4","direct Python","direct_python_fit","direct_python_fit_sec",3,610.252521623857,604.671843291027,618.028243823908
"flow18","flow18","fastEmbedR_tsne_cuda_full","fastEmbedR t-SNE [CUDA]","t-SNE","cuda","cuda","R public function","full_pipeline","r_public_function_total_call_sec",3,5.389,5.3865,5.4735
"flow18","flow18","rapids_cuml_tsne_full_direct","RAPIDS cuML t-SNE direct (fit only) [CUDA]","t-SNE","cuda","cuda","direct Python","direct_python_fit","direct_python_fit_sec",3,34.3854468232021,34.3428668333218,34.3892163131386
"mass41","mass41","KlugerLab_FItSNE","FIt-SNE [CPU]","t-SNE","cpu","cpu4","R public function","full_pipeline","r_public_function_total_call_sec",3,330.166,329.9535,331.3715
"mass41","mass41","Rtsne_full","Rtsne [CPU]","t-SNE","cpu","cpu4","R public function","full_pipeline","r_public_function_total_call_sec",3,1604.383,1568.18,1692.575
"mass41","mass41","fastEmbedR_tsne_cpu_full","fastEmbedR t-SNE [CPU]","t-SNE","cpu","cpu4","R public function","full_pipeline","r_public_function_total_call_sec",3,165.397,163.815,165.994
"mass41","mass41","python_opentsne_fft","Python openTSNE via R (total call) [CPU]","t-SNE","cpu","cpu4","R/reticulate","r_mediated_total_call","r_mediated_total_call_sec",3,576.581,533.587,605.0825
"mass41","mass41","python_opentsne_fft_direct","Python openTSNE direct (fit only) [CPU]","t-SNE","cpu","cpu4","direct Python","direct_python_fit","direct_python_fit_sec",3,572.086173487362,555.876685773022,588.16974529135
"mass41","mass41","fastEmbedR_tsne_cuda_full","fastEmbedR t-SNE [CUDA]","t-SNE","cuda","cuda","R public function","full_pipeline","r_public_function_total_call_sec",3,5.685,5.683,5.746
"mass41","mass41","rapids_cuml_tsne_full_direct","RAPIDS cuML t-SNE direct (fit only) [CUDA]","t-SNE","cuda","cuda","direct Python","direct_python_fit","direct_python_fit_sec",3,33.2783109210432,33.1297873556614,33.3134305784479
