"backend","perplexity","support_multiplier","median_sec","trustworthiness","preserve_at_30","sampled_kl","paired_datasets"
"cpu",10,1,7.7555,0.914179274099065,0.42415840015273,2.19357832536724,4
"cpu",10,3,8.265,0.896802681873457,0.410058333333334,2.04646913739758,4
"cuda",10,1,0.054,0.919719694065851,0.431498634975181,2.16084433223506,4
"cuda",10,3,0.0665,0.906626159850571,0.416325,2.08382259482077,4
"cpu",20,1,7.619,0.935112343338453,0.448531958762887,2.06279030467034,4
"cpu",20,3,8.435,0.92111466747212,0.429108333333334,1.84561246098777,4
"cuda",20,1,0.0609999999999997,0.935483470530476,0.448772852233677,2.03762816262589,4
"cuda",20,3,0.0899999999999999,0.926978740690646,0.434116666666666,1.95115469366627,4
"cpu",30,1,54.673,0.944034940735056,0.443129333715159,1.9919569932529,10
"cpu",30,3,54.936,0.932704364037069,0.4303,1.73539211197438,10
"cuda",30,1,0.29,0.952151914385606,0.441916666666667,1.98681428444334,11
"cuda",30,3,0.688,0.940020883431398,0.43265,1.7273504322547,11
