"dataset","backend","perplexity","support_multiplier","trustworthiness","preserve_at_30","sampled_kl","median_sec","timing_n","paired","paired_widths"
"COIL20","cpu",10,1,0.903727466079941,0.584266666666667,1.20080139064941,7.702,5,TRUE,TRUE
"COIL20","cpu",10,3,0.877911844517785,0.543533333333333,1.90252639648508,6.826,5,TRUE,TRUE
"COIL20","cpu",20,1,0.933289622295563,0.6164,1.26814939029211,6.832,5,TRUE,TRUE
"COIL20","cpu",20,3,0.918834323432343,0.588266666666667,1.7142461862108,6.883,5,TRUE,TRUE
"COIL20","cpu",30,1,0.937520498716538,0.629733333333333,1.39274997889858,7.649,5,TRUE,TRUE
"COIL20","cpu",30,3,0.931526806013935,0.6032,1.55049761103433,7.841,5,TRUE,TRUE
"COIL20","cuda",10,1,0.911960689402274,0.5976,1.14167794033908,0.0510000000000002,5,TRUE,TRUE
"COIL20","cuda",10,3,0.89639237257059,0.568933333333333,2.00392031529203,0.056,5,TRUE,TRUE
"COIL20","cuda",20,1,0.932819801980198,0.614733333333333,1.27510682715949,0.052,5,TRUE,TRUE
"COIL20","cuda",20,3,0.928426842684268,0.611933333333333,1.93505325194885,0.0659999999999998,5,TRUE,TRUE
"COIL20","cuda",30,1,0.940151521818849,0.627266666666667,1.43289861567511,0.0549999999999997,5,TRUE,TRUE
"COIL20","cuda",30,3,0.934221928859553,0.623133333333333,1.7506017561744,0.073,5,TRUE,TRUE
"FashionMNIST","cpu",30,1,0.971963895284386,0.48495,1.8353945805318,56.049,5,TRUE,TRUE
"FashionMNIST","cpu",30,3,0.964214871663682,0.472816666666667,1.73117071673345,60.645,5,TRUE,TRUE
"FashionMNIST","cuda",30,1,0.972900255819903,0.485516666666667,1.82763193126453,0.289,5,TRUE,TRUE
"FashionMNIST","cuda",30,3,0.96710185895796,0.4737,1.7273504322547,0.686,5,TRUE,TRUE
"FlowRepository_FR-FCM-ZYRM_files","cuda",30,1,0.963728532446491,0.441916666666667,1.99768872560741,16.559,5,TRUE,TRUE
"FlowRepository_FR-FCM-ZYRM_files","cuda",30,3,0.958059512236719,0.43265,1.7156371579049,55.113,5,TRUE,TRUE
"MNIST","cpu",10,1,0.924631082118189,0.416733333333333,2.6537648778247,50.879,5,TRUE,TRUE
"MNIST","cpu",10,3,0.915693519229129,0.40755,2.44248049711913,50.328,5,TRUE,TRUE
"MNIST","cpu",20,1,0.936935064381342,0.431816666666667,2.38589893720814,50.57,5,TRUE,TRUE
"MNIST","cpu",20,3,0.923395011511896,0.41915,2.28362109484702,52.129,5,TRUE,TRUE
"MNIST","cpu",30,1,0.939771024132344,0.438616666666667,2.26636886729247,53.297,5,TRUE,TRUE
"MNIST","cpu",30,3,0.928003436514028,0.423266666666667,2.21472589180098,49.227,5,TRUE,TRUE
"MNIST","cuda",10,1,0.927478698729428,0.418033333333333,2.63809671579844,0.192,5,TRUE,TRUE
"MNIST","cuda",10,3,0.916859947130553,0.40775,2.43515219985356,0.282,5,TRUE,TRUE
"MNIST","cuda",20,1,0.938147139080754,0.431916666666667,2.36978488147043,0.242,5,TRUE,TRUE
"MNIST","cuda",20,3,0.925530638697024,0.42085,2.27320965782104,0.468000000000001,5,TRUE,TRUE
"MNIST","cuda",30,1,0.940845587106677,0.438933333333333,2.25411646848899,0.29,5,TRUE,TRUE
"MNIST","cuda",30,3,0.930548972456724,0.425066666666667,2.21192216176397,0.688,5,TRUE,TRUE
"Macosko2015_retina","cpu",30,1,0.907706071459026,0.428216666666667,1.96986723669133,14.337,5,TRUE,TRUE
"Macosko2015_retina","cpu",30,3,0.89676420226827,0.40905,1.65956897693659,16.945,5,TRUE,TRUE
"Macosko2015_retina","cuda",30,1,0.912850899633325,0.4331,1.91001959137157,0.235,5,TRUE,TRUE
"Macosko2015_retina","cuda",30,3,0.906351939967596,0.416783333333333,1.58302176168265,0.498,5,TRUE,TRUE
"MetRef","cpu",10,1,0.823332629667697,0.42401680030546,1.97395778497706,7.809,5,TRUE,TRUE
"MetRef","cpu",10,3,0.804977153937817,0.390263459335624,1.37078608057147,7.742,5,TRUE,TRUE
"MetRef","cpu",20,1,0.84705266764257,0.448797250859107,1.94502188654528,6.927,5,TRUE,TRUE
"MetRef","cpu",20,3,0.790501852024884,0.386559755631921,1.49951758667097,6.858,5,TRUE,TRUE
"MetRef","cpu",30,1,0.847681952360683,0.443375334096984,1.85276887305689,7.471,5,TRUE,TRUE
"MetRef","cpu",30,3,0.81339876270203,0.399541809851088,1.33112440840674,7.843,5,TRUE,TRUE
"MetRef","cuda",10,1,0.842188007922583,0.433180603283696,1.93551353242817,0.0499999999999998,5,TRUE,TRUE
"MetRef","cuda",10,3,0.814795665881099,0.399541809851088,1.32686590128604,0.0540000000000003,5,TRUE,TRUE
"MetRef","cuda",20,1,0.846847935548842,0.447079037800687,1.9346525669879,0.0539999999999998,5,TRUE,TRUE
"MetRef","cuda",20,3,0.805903131773503,0.395914471172203,1.42280895204657,0.0619999999999998,5,TRUE,TRUE
"MetRef","cuda",30,1,0.842351073782226,0.438678885070638,1.87076965204756,0.0539999999999998,5,TRUE,TRUE
"MetRef","cuda",30,3,0.811825781616793,0.401450935471554,1.34612494367542,0.0670000000000002,5,TRUE,TRUE
"TabulaMuris","cpu",30,1,0.952283772490833,0.617866666666667,1.70720656135579,74.615,5,TRUE,TRUE
"TabulaMuris","cpu",30,3,0.9487742986271,0.6002,1.12430914332871,89.01,5,TRUE,TRUE
"TabulaMuris","cuda",30,1,0.957147522810608,0.6284,1.66676179419019,2.201,5,TRUE,TRUE
"TabulaMuris","cuda",30,3,0.953649305022597,0.611833333333333,1.07642558606633,2.806,5,TRUE,TRUE
"USPS","cpu",10,1,0.932015221284216,0.4243,2.41319886575742,7.129,5,TRUE,TRUE
"USPS","cpu",10,3,0.919385546175493,0.412566666666667,2.19041187831009,8.788,5,TRUE,TRUE
"USPS","cpu",20,1,0.943479935192291,0.448266666666667,2.1805587227954,8.311,5,TRUE,TRUE
"USPS","cpu",20,3,0.933322102839601,0.439066666666667,1.97697873576474,9.987,5,TRUE,TRUE
"USPS","cpu",30,1,0.948298857337768,0.46475,2.02276914561172,10.453,5,TRUE,TRUE
"USPS","cpu",30,3,0.933881922060203,0.442966666666667,1.90921658149254,9.288,5,TRUE,TRUE
"USPS","cuda",10,1,0.937089153236122,0.429816666666667,2.38617513204195,0.0569999999999999,5,TRUE,TRUE
"USPS","cuda",10,3,0.927375765327876,0.4249,2.16372487434951,0.077,5,TRUE,TRUE
"USPS","cuda",20,1,0.948648213524345,0.450466666666667,2.14060375826389,0.0679999999999996,5,TRUE,TRUE
"USPS","cuda",20,3,0.940014530570478,0.447383333333333,1.9672561353837,0.114,5,TRUE,TRUE
"USPS","cuda",30,1,0.952151914385606,0.466583333333333,1.98924326977669,0.0780000000000003,5,TRUE,TRUE
"USPS","cuda",30,3,0.940020883431398,0.449533333333333,1.89430446309107,0.156,5,TRUE,TRUE
"flow18","cpu",30,1,0.962724541656008,0.442883333333333,2.01404674981446,3654.515,5,TRUE,TRUE
"flow18","cpu",30,3,0.95627708706404,0.437333333333333,1.73961350721531,3718.112,5,TRUE,TRUE
"flow18","cuda",30,1,0.965705363690628,0.44625,1.98681428444334,4.297,5,TRUE,TRUE
"flow18","cuda",30,3,0.958965668969046,0.440933333333333,1.71681031842678,10.37,5,TRUE,TRUE
"imagenet","cpu",30,1,0.646240265409464,0.1553,3.57685415205519,6537.033,5,TRUE,TRUE
"imagenet","cpu",30,3,0.642584773878121,0.152866666666667,2.95829801829162,6434.39,5,TRUE,TRUE
"imagenet","cuda",30,1,0.644860729876026,0.154533333333333,3.5753694767319,5.283,5,TRUE,TRUE
"imagenet","cuda",30,3,0.642892683778593,0.153766666666667,2.96117792413911,14.399,5,TRUE,TRUE
"mass41","cpu",30,1,0.964999019357039,0.40805,2.07877604414845,3487.22,5,TRUE,TRUE
"mass41","cpu",30,3,0.95723117591882,0.3952,1.92351112315569,3552.545,5,TRUE,TRUE
"mass41","cuda",30,1,0.967676592478895,0.410533333333333,2.04927560848251,4.179,5,TRUE,TRUE
"mass41","cuda",30,3,0.961247062334783,0.398316666666667,1.89039707738277,10.102,5,TRUE,TRUE
