"family","method","scope","COIL-20","USPS","Fashion","FlowRepo.","flow18","MNIST","ImageNet","MetRef","mass41","Tabula","Retina"
"pca","fastEmbedR PCA [CPU]","R call","2.89","0.26","7.64","19.9","0.63","7.52","230","0.035","0.72","0.81","0.38"
"pca","irlba [CPU]","R call","0.89","0.099","1.78","455","0.75","1.77","101","0.026","38.7","0.61","0.46"
"pca","fastEmbedR PCA [CUDA]","R call","0.020","0.006","0.039","1.56","0.042","0.043","0.89","0.005","0.054","0.017","0.010"
"pca","scikit-learn PCA [Python]","Py fit","0.45","0.050","0.96","19.0","1.10","1.03","16.0","0.006","0.68","0.31","0.086"
"pca","RAPIDS cuML PCA [CUDA]","Py fit","6.05","0.027","0.33","2.68","0.070","0.34","19.7","0.005","0.10","0.044","0.021"
"tsne","Rtsne [CPU]","R call","12.0","15.4","426","T","1726*","825","T","0.86","2746*","157","70.1"
"tsne","FIt-SNE [CPU]","R call","15.0","6.64","84.1","3702*","736","109","2541*","3.81","390","105","59.1"
"tsne","fastEmbedR t-SNE [CPU]","R call","18.8","11.9","125","3354*","300","129","1672*","9.80","300","86.5","27.7"
"tsne","fastEmbedR t-SNE [CUDA]","R call","0.86","0.22","1.39","F","6.07","1.40","505","0.16","6.29","3.24","0.42"
"tsne","scikit-learn t-SNE [Python]","Py fit","5.19","66.8","711","T","T","774","T","1.54","T","648","226"
"tsne","openTSNE [Python]","Py fit","40.9","108","242","T","1098*","241","1484*","11.8","584","125","97.0"
"tsne","RAPIDS cuML t-SNE [CUDA]","Py fit","5.94","0.41","2.42","F","51.4","2.39","183","0.19","48.7","2.63","1.27"
"umap","umap [CPU]","R call","181","145","2704*","T","T","2223*","T","4.13","T","1806*","469"
"umap","uwot [CPU]","R call","14.6","7.12","62.8","6016*","1302*","65.9","2643*","1.36","590","106","25.5"
"umap","uwot fast SGD [CPU]","R call","13.7","4.56","51.4","3958*","729","52.6","1710*","0.80","485","61.9","13.5"
"umap","fastEmbedR fuzzy UMAP [CPU]","R call","6.77","3.29","79.7","2987*","319","86.2","1559*","0.22","307","26.5","17.6"
"umap","fastEmbedR binary UMAP [CPU]","R call","6.99","7.60","127","5212*","762","113","2320*","0.44","756","75.8","34.3"
"umap","fastEmbedR fuzzy UMAP [CUDA]","R call","0.77","0.12","1.03","F","1.14","1.03","506","0.086","1.51","0.35","0.14"
"umap","fastEmbedR binary UMAP [CUDA]","R call","0.80","0.12","1.09","F","1.69","1.10","497","0.088","2.10","0.44","0.19"
"umap","umap-learn [Python]","Py fit","11.6","8.36","85.5","T","1636*","52.1","5654*","1.48","885","64.3","28.1"
"umap","RAPIDS cuML UMAP [CUDA]","Py fit","0.18","0.14","0.87","F","9.11","0.87","307","0.18","6.51","0.72","0.30"
