"component","singular_value"
1,111.937836461192
2,94.4652800561834
3,88.9079107265423
4,87.9009236871673
5,85.9378457567176
6,84.8793021548979
7,83.8931710005094
8,82.3807979183087
9,82.0012136186259
10,81.4716323543976
11,80.6551853701032
12,79.8256477525477
13,79.2253977004338
14,78.9175369817757
15,78.7113949082645
16,78.249296170792
17,78.173215808492
18,77.7350309388934
19,77.0612868044832
20,76.5592834888549
21,76.1877920374042
22,75.8986371907246
23,75.6053056691166
24,75.0317245780949
25,74.3638572940749
26,74.2670182004256
27,73.9862092363177
28,73.7703447135867
29,73.4611957686508
30,73.2773317593069
31,73.1246391954333
32,72.9792903637999
33,72.7068962496503
34,72.2357880389099
35,72.1533394329205
36,71.9852201228527
37,71.6750096787757
38,71.1985948623037
39,71.0970161684846
40,70.798105123252
41,70.5106215682533
42,70.4128167754605
43,70.0624014897834
44,69.8929435055259
45,69.6823348057551
46,69.5189797104298
47,69.2153172454177
48,68.9593753648511
49,68.8025879596472
50,68.5782132831588
