"sample_position","source_row"
1,1660
2,2872
3,5495
4,8937
5,11054
6,15405
7,16074
8,17993
9,18531
10,22174
11,25445
12,29039
13,33655
14,43730
15,47498
16,52721
17,59072
18,60742
19,63605
20,66423
21,67916
22,68980
23,71815
24,73151
25,77733
26,82546
27,84568
28,85775
29,89879
30,95122
31,97337
32,99223
33,100633
34,101820
35,106788
36,108147
37,109814
38,115069
39,119784
40,120641
41,123427
42,124365
43,130011
44,130706
45,132860
46,135458
47,136481
48,141191
49,143154
50,148719
51,149765
52,152767
53,153107
54,155418
55,162905
56,164862
57,165769
58,168172
59,170101
60,176759
61,183167
62,186716
63,191079
64,195916
65,197416
66,199508
67,202793
68,204242
69,206376
70,211052
71,212111
72,213311
73,213751
74,215728
75,218301
76,221819
77,223908
78,224337
79,228467
80,229240
81,232270
82,233508
83,239890
84,240573
85,245913
86,248216
87,253912
88,256468
89,257467
90,261088
91,263968
92,264310
93,269080
94,272685
95,275043
96,278253
97,281303
98,283249
99,286878
100,289474
101,292867
102,295091
103,296314
104,297528
105,299164
106,301197
107,302740
108,303826
109,304522
110,305540
111,307213
112,311136
113,312473
114,313678
115,314906
116,316932
117,318930
118,319866
119,324058
120,325236
121,326768
122,328917
123,330508
124,331240
125,334556
126,344544
127,345284
128,346707
129,347709
130,350543
131,352260
132,353012
133,355455
134,356699
135,357998
136,360960
137,365856
138,371808
139,372575
140,375775
141,376042
142,377454
143,389660
144,390932
145,394373
146,398224
147,400922
148,402159
149,413466
150,415263
151,418302
152,419904
153,422230
154,430592
155,432041
156,433023
157,441275
158,443381
159,447950
160,450035
161,453595
162,456535
163,458920
164,460104
165,465328
166,468934
167,469825
168,470729
169,473380
170,477546
171,483066
172,487087
173,488826
174,489829
175,491086
176,492772
177,492841
178,494579
179,497309
180,505827
181,509218
182,511063
183,512363
184,514070
185,519486
186,519693
187,522169
188,523287
189,525780
190,526860
191,529115
192,535139
193,536129
194,537227
195,538244
196,541096
197,545186
198,547069
199,550189
200,551692
201,555749
202,557040
203,558850
204,560409
205,561889
206,564435
207,565342
208,566509
209,568651
210,570888
211,574668
212,576297
213,577110
214,579181
215,583222
216,587626
217,589523
218,590721
219,591130
220,592428
221,594116
222,596423
223,597680
224,598762
225,605282
226,607262
227,608778
228,610280
229,612003
230,613390
231,615332
232,616829
233,619049
234,619841
235,622805
236,624147
237,627539
238,628964
239,630013
240,631776
241,635319
242,637340
243,638913
244,640519
245,641244
246,643092
247,645396
248,647021
249,647733
250,648821
251,651566
252,653406
253,654189
254,654901
255,657102
256,662659
257,666953
258,669671
259,672205
260,673551
261,676615
262,677771
263,679079
264,680438
265,683799
266,685343
267,685870
268,688825
269,692133
270,693871
271,694499
272,695987
273,700335
274,702673
275,707384
276,708771
277,710674
278,711491
279,712692
280,713897
281,715164
282,716280
283,718823
284,721013
285,722712
286,724223
287,727879
288,729509
289,733150
290,736974
291,742020
292,744432
293,746350
294,753406
295,754903
296,756300
297,757686
298,760854
299,762256
300,766245
301,767581
302,772318
303,772894
304,774273
305,775819
306,778483
307,779120
308,782257
309,782912
310,785932
311,787056
312,788906
313,789908
314,792883
315,793439
316,796825
317,797380
318,802802
319,805549
320,809634
321,814312
322,816657
323,817818
324,820342
325,821620
326,824931
327,825762
328,826675
329,828439
330,829497
331,832158
332,834569
333,836567
334,838852
335,840050
336,842933
337,847796
338,849270
339,852654
340,855223
341,857300
342,858735
343,861284
344,869651
345,870840
346,871637
347,874611
348,876340
349,879160
350,882062
351,883921
352,884719
353,889591
354,892395
355,893955
356,895268
357,897658
358,899883
359,901595
360,904034
361,904445
362,908956
363,911589
364,917151
365,918488
366,919956
367,922012
368,923140
369,924286
370,926561
371,926937
372,928239
373,929330
374,930442
375,932770
376,935774
377,937882
378,940961
379,942184
380,944037
381,946552
382,952728
383,953359
384,954620
385,960795
386,964045
387,966932
388,967202
389,969148
390,970268
391,972339
392,975687
393,978741
394,983409
395,983982
396,985283
397,989589
398,990684
399,995672
400,997196
401,998343
402,1002335
403,1004765
404,1007455
405,1009417
406,1010645
407,1011239
408,1015191
409,1020913
410,1021578
411,1023429
412,1025489
413,1026361
414,1027723
415,1029067
416,1036452
417,1036982
418,1038425
419,1042008
420,1043264
421,1044645
422,1047488
423,1047878
424,1051922
425,1061028
426,1062964
427,1063731
428,1065474
429,1067248
430,1070696
431,1072590
432,1074073
433,1078824
434,1083321
435,1085491
436,1088222
437,1088889
438,1093431
439,1093945
440,1096201
441,1102490
442,1103973
443,1107853
444,1111549
445,1112946
446,1119397
447,1120375
448,1124687
449,1128854
450,1129983
451,1131424
452,1133087
453,1135538
454,1136096
455,1140427
456,1141194
457,1143452
458,1144789
459,1145889
460,1153356
461,1154714
462,1158546
463,1160294
464,1161337
465,1162454
466,1165861
467,1166417
468,1169158
469,1172432
470,1180610
471,1185896
472,1187234
473,1189203
474,1191084
475,1192663
476,1194495
477,1197776
478,1200099
479,1201623
480,1202859
481,1205124
482,1206115
483,1209487
484,1215211
485,1219950
486,1220216
487,1221818
488,1223675
489,1228413
490,1229480
491,1232729
492,1237804
493,1240615
494,1241378
495,1244270
496,1245089
497,1247239
498,1248644
499,1250183
500,1251756
501,1254620
502,1258350
503,1259751
504,1260644
505,1264317
506,1267462
507,1268382
508,1271761
509,1273296
510,1274542
511,1277542
512,1279874
