"dataset","backend","graph_mode","knn_recall_at_k","affinity_edge_jaccard","affinity_weight_pearson","affinity_weight_spearman","affinity_weight_l1_similarity","umap_graph_edge_jaccard","umap_graph_weight_pearson","umap_graph_weight_spearman","umap_graph_weight_l1_similarity","validation_sample_n","suite","profile","source_file"
"COIL20","cpu","fuzzy",0.999675925925926,0.999037604705044,0.997998934534299,0.999928166237892,0.999675925925926,0.999037604705044,0.999959808105784,0.999989134409032,0.999826026079346,1440,"landmark","cpu1","/Users/stefano/Documents/fastEmbedR-results/fastEmbedR-results/COIL20/landmark/cpu1/20260727_074814_1118079/knn_affinity_umap_graph_agreement.csv"
"COIL20","cpu","binary",0.999675925925926,0.999037604705044,0.997998934534299,0.999928166237892,0.999675925925926,0.999037604705044,-0.000481098998462159,,0.999500748876685,1440,"landmark","cpu1","/Users/stefano/Documents/fastEmbedR-results/fastEmbedR-results/COIL20/landmark/cpu1/20260727_074814_1118079/knn_affinity_umap_graph_agreement.csv"
"COIL20","cpu","fuzzy",0.999675925925926,0.999037604705044,0.997998934534299,0.999928166237892,0.999675925925926,0.999037604705044,0.999959808105784,0.999989134409032,0.999826026079346,1440,"landmark","cpu4","/Users/stefano/Documents/fastEmbedR-results/fastEmbedR-results/COIL20/landmark/cpu4/20260727_073523_1118090/knn_affinity_umap_graph_agreement.csv"
"COIL20","cpu","binary",0.999675925925926,0.999037604705044,0.997998934534299,0.999928166237892,0.999675925925926,0.999037604705044,-0.000481098998462159,,0.999500748876685,1440,"landmark","cpu4","/Users/stefano/Documents/fastEmbedR-results/fastEmbedR-results/COIL20/landmark/cpu4/20260727_073523_1118090/knn_affinity_umap_graph_agreement.csv"
"COIL20","cuda","fuzzy",1,1,1,1,1,1,0.999999970682086,0.999984777448444,0.999962930418149,1440,"landmark","cuda","/Users/stefano/Documents/fastEmbedR-results/fastEmbedR-results/COIL20/landmark/cuda/20260727_093921_1118101/knn_affinity_umap_graph_agreement.csv"
"COIL20","cuda","binary",1,1,1,1,1,1,,,1,1440,"landmark","cuda","/Users/stefano/Documents/fastEmbedR-results/fastEmbedR-results/COIL20/landmark/cuda/20260727_093921_1118101/knn_affinity_umap_graph_agreement.csv"
"COIL20","cpu","fuzzy",0.999675925925926,0.999037604705044,0.997998934534299,0.999928166237892,0.999675925925926,0.999037604705044,0.999959808105784,0.999989134409032,0.999826026079346,1440,"standard","cpu1","/Users/stefano/Documents/fastEmbedR-results/fastEmbedR-results/COIL20/standard/cpu1/20260727_073247_1118043/knn_affinity_umap_graph_agreement.csv"
"COIL20","cpu","binary",0.999675925925926,0.999037604705044,0.997998934534299,0.999928166237892,0.999675925925926,0.999037604705044,-0.000481098998462159,,0.999500748876685,1440,"standard","cpu1","/Users/stefano/Documents/fastEmbedR-results/fastEmbedR-results/COIL20/standard/cpu1/20260727_073247_1118043/knn_affinity_umap_graph_agreement.csv"
"COIL20","cpu","fuzzy",0.999675925925926,0.999037604705044,0.997998934534299,0.999928166237892,0.999675925925926,0.999037604705044,0.999959808105784,0.999989134409032,0.999826026079346,1440,"standard","cpu4","/Users/stefano/Documents/fastEmbedR-results/fastEmbedR-results/COIL20/standard/cpu4/20260727_073247_1118054/knn_affinity_umap_graph_agreement.csv"
"COIL20","cpu","binary",0.999675925925926,0.999037604705044,0.997998934534299,0.999928166237892,0.999675925925926,0.999037604705044,-0.000481098998462159,,0.999500748876685,1440,"standard","cpu4","/Users/stefano/Documents/fastEmbedR-results/fastEmbedR-results/COIL20/standard/cpu4/20260727_073247_1118054/knn_affinity_umap_graph_agreement.csv"
"COIL20","cuda","fuzzy",1,1,1,1,1,1,0.999999970682086,0.999984777448444,0.999962930418149,1440,"standard","cuda","/Users/stefano/Documents/fastEmbedR-results/fastEmbedR-results/COIL20/standard/cuda/20260727_073247_1118065/knn_affinity_umap_graph_agreement.csv"
"COIL20","cuda","binary",1,1,1,1,1,1,,,1,1440,"standard","cuda","/Users/stefano/Documents/fastEmbedR-results/fastEmbedR-results/COIL20/standard/cuda/20260727_073247_1118065/knn_affinity_umap_graph_agreement.csv"
"FashionMNIST","cpu","fuzzy",0.999966666666667,0.999908846451848,0.999803956292645,1,0.999966666666667,0.999908846451848,0.99998922025927,0.999998732740387,0.999965816390475,2000,"landmark","cpu1","/Users/stefano/Documents/fastEmbedR-results/fastEmbedR-results/FashionMNIST/landmark/cpu1/20260727_074931_1118080/knn_affinity_umap_graph_agreement.csv"
"FashionMNIST","cpu","binary",0.999966666666667,0.999908846451848,0.999803956292645,1,0.999966666666667,0.999908846451848,-4.55788514129444e-05,,0.999954421148587,2000,"landmark","cpu1","/Users/stefano/Documents/fastEmbedR-results/fastEmbedR-results/FashionMNIST/landmark/cpu1/20260727_074931_1118080/knn_affinity_umap_graph_agreement.csv"
"FashionMNIST","cpu","fuzzy",0.999966666666667,0.999908846451848,0.999803956292645,1,0.999966666666667,0.999908846451848,0.99998922025927,0.999998732740387,0.999965816390475,2000,"landmark","cpu4","/Users/stefano/Documents/fastEmbedR-results/fastEmbedR-results/FashionMNIST/landmark/cpu4/20260727_073611_1118091/knn_affinity_umap_graph_agreement.csv"
"FashionMNIST","cpu","binary",0.999966666666667,0.999908846451848,0.999803956292645,1,0.999966666666667,0.999908846451848,-4.55788514129444e-05,,0.999954421148587,2000,"landmark","cpu4","/Users/stefano/Documents/fastEmbedR-results/fastEmbedR-results/FashionMNIST/landmark/cpu4/20260727_073611_1118091/knn_affinity_umap_graph_agreement.csv"
"FashionMNIST","cuda","fuzzy",1,1,1,1,1,1,0.999999999956214,0.999991247274111,0.999998583732913,2000,"landmark","cuda","/Users/stefano/Documents/fastEmbedR-results/fastEmbedR-results/FashionMNIST/landmark/cuda/20260727_094127_1118102/knn_affinity_umap_graph_agreement.csv"
"FashionMNIST","cuda","binary",1,1,1,1,1,1,,,1,2000,"landmark","cuda","/Users/stefano/Documents/fastEmbedR-results/fastEmbedR-results/FashionMNIST/landmark/cuda/20260727_094127_1118102/knn_affinity_umap_graph_agreement.csv"
"FashionMNIST","cpu","fuzzy",0.999966666666667,0.999908846451848,0.999803956292645,1,0.999966666666667,0.999908846451848,0.99998922025927,0.999998732740387,0.999965816390475,2000,"standard","cpu1","/Users/stefano/Documents/fastEmbedR-results/fastEmbedR-results/FashionMNIST/standard/cpu1/20260727_073247_1118044/knn_affinity_umap_graph_agreement.csv"
"FashionMNIST","cpu","binary",0.999966666666667,0.999908846451848,0.999803956292645,1,0.999966666666667,0.999908846451848,-4.55788514129444e-05,,0.999954421148587,2000,"standard","cpu1","/Users/stefano/Documents/fastEmbedR-results/fastEmbedR-results/FashionMNIST/standard/cpu1/20260727_073247_1118044/knn_affinity_umap_graph_agreement.csv"
"FashionMNIST","cpu","fuzzy",0.999966666666667,0.999908846451848,0.999803956292645,1,0.999966666666667,0.999908846451848,0.99998922025927,0.999998732740387,0.999965816390475,2000,"standard","cpu4","/Users/stefano/Documents/fastEmbedR-results/fastEmbedR-results/FashionMNIST/standard/cpu4/20260727_073247_1118055/knn_affinity_umap_graph_agreement.csv"
"FashionMNIST","cpu","binary",0.999966666666667,0.999908846451848,0.999803956292645,1,0.999966666666667,0.999908846451848,-4.55788514129444e-05,,0.999954421148587,2000,"standard","cpu4","/Users/stefano/Documents/fastEmbedR-results/fastEmbedR-results/FashionMNIST/standard/cpu4/20260727_073247_1118055/knn_affinity_umap_graph_agreement.csv"
"FashionMNIST","cuda","fuzzy",1,1,1,1,1,1,0.999999999956214,0.999991247274111,0.999998583732913,2000,"standard","cuda","/Users/stefano/Documents/fastEmbedR-results/fastEmbedR-results/FashionMNIST/standard/cuda/20260727_073247_1118066/knn_affinity_umap_graph_agreement.csv"
"FashionMNIST","cuda","binary",1,1,1,1,1,1,,,1,2000,"standard","cuda","/Users/stefano/Documents/fastEmbedR-results/fastEmbedR-results/FashionMNIST/standard/cuda/20260727_073247_1118066/knn_affinity_umap_graph_agreement.csv"
"FlowRepository_FR-FCM-ZYRM_files","cpu","fuzzy",0.999916666666667,0.999773108862368,0.999515061982836,0.999999881112605,0.999916864462761,0.999773108862368,0.999988234113678,0.999992757677693,0.999955987834978,2000,"landmark","cpu1","/Users/stefano/Documents/fastEmbedR-results/fastEmbedR-results/FlowRepository_FR-FCM-ZYRM_files/landmark/cpu1/20260728_121111_1118082/knn_affinity_umap_graph_agreement.csv"
"FlowRepository_FR-FCM-ZYRM_files","cpu","binary",0.999916666666667,0.999773108862368,0.999515061982836,0.999999881112605,0.999916864462761,0.999773108862368,-0.000113458440173364,,0.999886541559827,2000,"landmark","cpu1","/Users/stefano/Documents/fastEmbedR-results/fastEmbedR-results/FlowRepository_FR-FCM-ZYRM_files/landmark/cpu1/20260728_121111_1118082/knn_affinity_umap_graph_agreement.csv"
"FlowRepository_FR-FCM-ZYRM_files","cpu","fuzzy",0.999916666666667,0.999773108862368,0.999515061982836,0.999999881112605,0.999916864462761,0.999773108862368,0.999988234113678,0.999992757677693,0.999955987834978,2000,"landmark","cpu4","/Users/stefano/Documents/fastEmbedR-results/fastEmbedR-results/FlowRepository_FR-FCM-ZYRM_files/landmark/cpu4/20260727_073316_1118093/knn_affinity_umap_graph_agreement.csv"
"FlowRepository_FR-FCM-ZYRM_files","cpu","binary",0.999916666666667,0.999773108862368,0.999515061982836,0.999999881112605,0.999916864462761,0.999773108862368,-0.000113458440173364,,0.999886541559827,2000,"landmark","cpu4","/Users/stefano/Documents/fastEmbedR-results/fastEmbedR-results/FlowRepository_FR-FCM-ZYRM_files/landmark/cpu4/20260727_073316_1118093/knn_affinity_umap_graph_agreement.csv"
"FlowRepository_FR-FCM-ZYRM_files","cuda","fuzzy",1,1,0.999999999999994,0.999999999662407,0.999999988315004,1,0.999999999923857,0.999981986792142,0.999996876745564,2000,"landmark","cuda","/Users/stefano/Documents/fastEmbedR-results/fastEmbedR-results/FlowRepository_FR-FCM-ZYRM_files/landmark/cuda/20260727_091838_1118104/knn_affinity_umap_graph_agreement.csv"
"FlowRepository_FR-FCM-ZYRM_files","cuda","binary",1,1,0.999999999999994,0.999999999662407,0.999999988315004,1,,,1,2000,"landmark","cuda","/Users/stefano/Documents/fastEmbedR-results/fastEmbedR-results/FlowRepository_FR-FCM-ZYRM_files/landmark/cuda/20260727_091838_1118104/knn_affinity_umap_graph_agreement.csv"
"FlowRepository_FR-FCM-ZYRM_files","cuda","fuzzy",1,1,0.999999999999994,0.999999999662407,0.999999988315004,1,0.999999999923857,0.999981986792142,0.999996876745564,2000,"standard","cuda","/Users/stefano/Documents/fastEmbedR-results/fastEmbedR-results/FlowRepository_FR-FCM-ZYRM_files/standard/cuda/20260727_073247_1118068/knn_affinity_umap_graph_agreement.csv"
"FlowRepository_FR-FCM-ZYRM_files","cuda","binary",1,1,0.999999999999994,0.999999999662407,0.999999988315004,1,,,1,2000,"standard","cuda","/Users/stefano/Documents/fastEmbedR-results/fastEmbedR-results/FlowRepository_FR-FCM-ZYRM_files/standard/cuda/20260727_073247_1118068/knn_affinity_umap_graph_agreement.csv"
"MNIST","cpu","fuzzy",0.999683333333333,0.999154035953472,0.998160643655527,0.999902830191502,0.999683333333333,0.999154035953472,0.999940905094896,0.999971325965246,0.999808984878623,2000,"landmark","cpu1","/Users/stefano/Documents/fastEmbedR-results/fastEmbedR-results/MNIST/landmark/cpu1/20260727_080401_1118087/knn_affinity_umap_graph_agreement.csv"
"MNIST","cpu","binary",0.999683333333333,0.999154035953472,0.998160643655527,0.999902830191502,0.999683333333333,0.999154035953472,-0.000422507481970468,,0.999553340542574,2000,"landmark","cpu1","/Users/stefano/Documents/fastEmbedR-results/fastEmbedR-results/MNIST/landmark/cpu1/20260727_080401_1118087/knn_affinity_umap_graph_agreement.csv"
"MNIST","cpu","fuzzy",0.999683333333333,0.999154035953472,0.998160643655527,0.999902830191502,0.999683333333333,0.999154035953472,0.999940905094896,0.999971325965246,0.999808984878623,2000,"landmark","cpu4","/Users/stefano/Documents/fastEmbedR-results/fastEmbedR-results/MNIST/landmark/cpu4/20260727_074619_1118098/knn_affinity_umap_graph_agreement.csv"
"MNIST","cpu","binary",0.999683333333333,0.999154035953472,0.998160643655527,0.999902830191502,0.999683333333333,0.999154035953472,-0.000422507481970468,,0.999553340542574,2000,"landmark","cpu4","/Users/stefano/Documents/fastEmbedR-results/fastEmbedR-results/MNIST/landmark/cpu4/20260727_074619_1118098/knn_affinity_umap_graph_agreement.csv"
"MNIST","cuda","fuzzy",1,1,1,1,1,1,0.999999999999874,0.999998430890001,0.99999994467411,2000,"landmark","cuda","/Users/stefano/Documents/fastEmbedR-results/fastEmbedR-results/MNIST/landmark/cuda/20260727_094520_1118109/knn_affinity_umap_graph_agreement.csv"
"MNIST","cuda","binary",1,1,1,1,1,1,,,1,2000,"landmark","cuda","/Users/stefano/Documents/fastEmbedR-results/fastEmbedR-results/MNIST/landmark/cuda/20260727_094520_1118109/knn_affinity_umap_graph_agreement.csv"
"MNIST","cpu","fuzzy",0.999683333333333,0.999154035953472,0.998160643655527,0.999902830191502,0.999683333333333,0.999154035953472,0.999940905094896,0.999971325965246,0.999808984878623,2000,"standard","cpu1","/Users/stefano/Documents/fastEmbedR-results/fastEmbedR-results/MNIST/standard/cpu1/20260727_073247_1118051/knn_affinity_umap_graph_agreement.csv"
"MNIST","cpu","binary",0.999683333333333,0.999154035953472,0.998160643655527,0.999902830191502,0.999683333333333,0.999154035953472,-0.000422507481970468,,0.999553340542574,2000,"standard","cpu1","/Users/stefano/Documents/fastEmbedR-results/fastEmbedR-results/MNIST/standard/cpu1/20260727_073247_1118051/knn_affinity_umap_graph_agreement.csv"
"MNIST","cpu","fuzzy",0.999683333333333,0.999154035953472,0.998160643655527,0.999902830191502,0.999683333333333,0.999154035953472,0.999940905094896,0.999971325965246,0.999808984878623,2000,"standard","cpu4","/Users/stefano/Documents/fastEmbedR-results/fastEmbedR-results/MNIST/standard/cpu4/20260727_073247_1118062/knn_affinity_umap_graph_agreement.csv"
"MNIST","cpu","binary",0.999683333333333,0.999154035953472,0.998160643655527,0.999902830191502,0.999683333333333,0.999154035953472,-0.000422507481970468,,0.999553340542574,2000,"standard","cpu4","/Users/stefano/Documents/fastEmbedR-results/fastEmbedR-results/MNIST/standard/cpu4/20260727_073247_1118062/knn_affinity_umap_graph_agreement.csv"
"MNIST","cuda","fuzzy",1,1,1,1,1,1,0.999999999999874,0.999998430890001,0.99999994467411,2000,"standard","cuda","/Users/stefano/Documents/fastEmbedR-results/fastEmbedR-results/MNIST/standard/cuda/20260727_091326_1118073/knn_affinity_umap_graph_agreement.csv"
"MNIST","cuda","binary",1,1,1,1,1,1,,,1,2000,"standard","cuda","/Users/stefano/Documents/fastEmbedR-results/fastEmbedR-results/MNIST/standard/cuda/20260727_091326_1118073/knn_affinity_umap_graph_agreement.csv"
"Macosko2015_retina","cpu","fuzzy",0.99795,0.995014871601525,0.986944966750025,0.999745055375788,0.997948880119176,0.995014349456397,0.99847144475113,0.999754924530074,0.997741019919546,2000,"landmark","cpu1","/Users/stefano/Documents/fastEmbedR-results/fastEmbedR-results/Macosko2015_retina/landmark/cpu1/20260727_075440_1118084/knn_affinity_umap_graph_agreement.csv"
"Macosko2015_retina","cpu","binary",0.99795,0.995014871601525,0.986944966750025,0.999745055375788,0.997948880119176,0.995014871601525,-0.00249843966560774,,0.997459317585302,2000,"landmark","cpu1","/Users/stefano/Documents/fastEmbedR-results/fastEmbedR-results/Macosko2015_retina/landmark/cpu1/20260727_075440_1118084/knn_affinity_umap_graph_agreement.csv"
"Macosko2015_retina","cpu","fuzzy",0.99795,0.995014871601525,0.986944966750025,0.999745055375788,0.997948880119176,0.995014349456397,0.99847144475113,0.999754924530074,0.997741019919546,2000,"landmark","cpu4","/Users/stefano/Documents/fastEmbedR-results/fastEmbedR-results/Macosko2015_retina/landmark/cpu4/20260727_074209_1118095/knn_affinity_umap_graph_agreement.csv"
"Macosko2015_retina","cpu","binary",0.99795,0.995014871601525,0.986944966750025,0.999745055375788,0.997948880119176,0.995014871601525,-0.00249843966560774,,0.997459317585302,2000,"landmark","cpu4","/Users/stefano/Documents/fastEmbedR-results/fastEmbedR-results/Macosko2015_retina/landmark/cpu4/20260727_074209_1118095/knn_affinity_umap_graph_agreement.csv"
"Macosko2015_retina","cuda","fuzzy",0.999983333333333,0.999958002603839,0.999892382890923,0.999999999128483,0.999983370693233,0.999957998193922,0.999999482760652,0.999986836684928,0.99998870417449,2000,"landmark","cuda","/Users/stefano/Documents/fastEmbedR-results/fastEmbedR-results/Macosko2015_retina/landmark/cuda/20260727_094256_1118106/knn_affinity_umap_graph_agreement.csv"
"Macosko2015_retina","cuda","binary",0.999983333333333,0.999958002603839,0.999892382890923,0.999999999128483,0.999983370693233,0.999958002603839,-2.09991390352996e-05,,0.999979000860965,2000,"landmark","cuda","/Users/stefano/Documents/fastEmbedR-results/fastEmbedR-results/Macosko2015_retina/landmark/cuda/20260727_094256_1118106/knn_affinity_umap_graph_agreement.csv"
"Macosko2015_retina","cpu","fuzzy",0.99795,0.995014871601525,0.986944966750025,0.999745055375788,0.997948880119176,0.995014349456397,0.99847144475113,0.999754924530074,0.997741019919546,2000,"standard","cpu1","/Users/stefano/Documents/fastEmbedR-results/fastEmbedR-results/Macosko2015_retina/standard/cpu1/20260727_073247_1118048/knn_affinity_umap_graph_agreement.csv"
"Macosko2015_retina","cpu","binary",0.99795,0.995014871601525,0.986944966750025,0.999745055375788,0.997948880119176,0.995014871601525,-0.00249843966560774,,0.997459317585302,2000,"standard","cpu1","/Users/stefano/Documents/fastEmbedR-results/fastEmbedR-results/Macosko2015_retina/standard/cpu1/20260727_073247_1118048/knn_affinity_umap_graph_agreement.csv"
"Macosko2015_retina","cpu","fuzzy",0.99795,0.995014871601525,0.986944966750025,0.999745055375788,0.997948880119176,0.995014349456397,0.99847144475113,0.999754924530074,0.997741019919546,2000,"standard","cpu4","/Users/stefano/Documents/fastEmbedR-results/fastEmbedR-results/Macosko2015_retina/standard/cpu4/20260727_073247_1118059/knn_affinity_umap_graph_agreement.csv"
"Macosko2015_retina","cpu","binary",0.99795,0.995014871601525,0.986944966750025,0.999745055375788,0.997948880119176,0.995014871601525,-0.00249843966560774,,0.997459317585302,2000,"standard","cpu4","/Users/stefano/Documents/fastEmbedR-results/fastEmbedR-results/Macosko2015_retina/standard/cpu4/20260727_073247_1118059/knn_affinity_umap_graph_agreement.csv"
"Macosko2015_retina","cuda","fuzzy",0.999983333333333,0.999958002603839,0.999892382890923,0.999999999128483,0.999983370693233,0.999957998193922,0.999999482760652,0.999986836684928,0.99998870417449,2000,"standard","cuda","/Users/stefano/Documents/fastEmbedR-results/fastEmbedR-results/Macosko2015_retina/standard/cuda/20260727_090725_1118070/knn_affinity_umap_graph_agreement.csv"
"Macosko2015_retina","cuda","binary",0.999983333333333,0.999958002603839,0.999892382890923,0.999999999128483,0.999983370693233,0.999958002603839,-2.09991390352996e-05,,0.999979000860965,2000,"standard","cuda","/Users/stefano/Documents/fastEmbedR-results/fastEmbedR-results/Macosko2015_retina/standard/cuda/20260727_090725_1118070/knn_affinity_umap_graph_agreement.csv"
"MetRef","cpu","fuzzy",0.999503627338679,0.998766837412256,0.996702095586042,0.999999037634426,0.999504451140095,0.998766837412256,0.999931726447371,0.999990908731033,0.999746504404999,873,"landmark","cpu1","/Users/stefano/Documents/fastEmbedR-results/fastEmbedR-results/MetRef/landmark/cpu1/20260727_080305_1118086/knn_affinity_umap_graph_agreement.csv"
"MetRef","cpu","binary",0.999503627338679,0.998766837412256,0.996702095586042,0.999999037634426,0.999504451140095,0.998766837412256,-0.000616961700915951,,0.999383038299084,873,"landmark","cpu1","/Users/stefano/Documents/fastEmbedR-results/fastEmbedR-results/MetRef/landmark/cpu1/20260727_080305_1118086/knn_affinity_umap_graph_agreement.csv"
"MetRef","cpu","fuzzy",0.999503627338679,0.998766837412256,0.996702095586042,0.999999037634426,0.999504451140095,0.998766837412256,0.999931726447371,0.999990908731033,0.999746504404999,873,"landmark","cpu4","/Users/stefano/Documents/fastEmbedR-results/fastEmbedR-results/MetRef/landmark/cpu4/20260727_074541_1118097/knn_affinity_umap_graph_agreement.csv"
"MetRef","cpu","binary",0.999503627338679,0.998766837412256,0.996702095586042,0.999999037634426,0.999504451140095,0.998766837412256,-0.000616961700915951,,0.999383038299084,873,"landmark","cpu4","/Users/stefano/Documents/fastEmbedR-results/fastEmbedR-results/MetRef/landmark/cpu4/20260727_074541_1118097/knn_affinity_umap_graph_agreement.csv"
"MetRef","cuda","fuzzy",1,1,1,0.999999999926885,0.999999998961253,1,0.999999999998932,0.999990182887465,0.999999516364928,873,"landmark","cuda","/Users/stefano/Documents/fastEmbedR-results/fastEmbedR-results/MetRef/landmark/cuda/20260727_094433_1118108/knn_affinity_umap_graph_agreement.csv"
"MetRef","cuda","binary",1,1,1,0.999999999926885,0.999999998961253,1,,,1,873,"landmark","cuda","/Users/stefano/Documents/fastEmbedR-results/fastEmbedR-results/MetRef/landmark/cuda/20260727_094433_1118108/knn_affinity_umap_graph_agreement.csv"
"MetRef","cpu","fuzzy",0.999503627338679,0.998766837412256,0.996702095586042,0.999999037634426,0.999504451140095,0.998766837412256,0.999931726447371,0.999990908731033,0.999746504404999,873,"standard","cpu1","/Users/stefano/Documents/fastEmbedR-results/fastEmbedR-results/MetRef/standard/cpu1/20260727_073247_1118050/knn_affinity_umap_graph_agreement.csv"
"MetRef","cpu","binary",0.999503627338679,0.998766837412256,0.996702095586042,0.999999037634426,0.999504451140095,0.998766837412256,-0.000616961700915951,,0.999383038299084,873,"standard","cpu1","/Users/stefano/Documents/fastEmbedR-results/fastEmbedR-results/MetRef/standard/cpu1/20260727_073247_1118050/knn_affinity_umap_graph_agreement.csv"
"MetRef","cpu","fuzzy",0.999503627338679,0.998766837412256,0.996702095586042,0.999999037634426,0.999504451140095,0.998766837412256,0.999931726447371,0.999990908731033,0.999746504404999,873,"standard","cpu4","/Users/stefano/Documents/fastEmbedR-results/fastEmbedR-results/MetRef/standard/cpu4/20260727_073247_1118061/knn_affinity_umap_graph_agreement.csv"
"MetRef","cpu","binary",0.999503627338679,0.998766837412256,0.996702095586042,0.999999037634426,0.999504451140095,0.998766837412256,-0.000616961700915951,,0.999383038299084,873,"standard","cpu4","/Users/stefano/Documents/fastEmbedR-results/fastEmbedR-results/MetRef/standard/cpu4/20260727_073247_1118061/knn_affinity_umap_graph_agreement.csv"
"MetRef","cuda","fuzzy",1,1,1,0.999999999926885,0.999999998961253,1,0.999999999998932,0.999990182887465,0.999999516364928,873,"standard","cuda","/Users/stefano/Documents/fastEmbedR-results/fastEmbedR-results/MetRef/standard/cuda/20260727_091133_1118072/knn_affinity_umap_graph_agreement.csv"
"MetRef","cuda","binary",1,1,1,0.999999999926885,0.999999998961253,1,,,1,873,"standard","cuda","/Users/stefano/Documents/fastEmbedR-results/fastEmbedR-results/MetRef/standard/cuda/20260727_091133_1118072/knn_affinity_umap_graph_agreement.csv"
"TabulaMuris","cpu","fuzzy",0.999966666666667,0.999897920122496,0.999797710545833,0.999999991902225,0.999966738111742,0.999897546232263,0.999998149455852,0.999990128560883,0.999987316641497,2000,"landmark","cpu1","/Users/stefano/Documents/fastEmbedR-results/fastEmbedR-results/TabulaMuris/landmark/cpu1/20260727_080829_1118088/knn_affinity_umap_graph_agreement.csv"
"TabulaMuris","cpu","binary",0.999966666666667,0.999897920122496,0.999797710545833,0.999999991902225,0.999966738111742,0.999897920122496,-5.1042543960391e-05,,0.99994895745604,2000,"landmark","cpu1","/Users/stefano/Documents/fastEmbedR-results/fastEmbedR-results/TabulaMuris/landmark/cpu1/20260727_080829_1118088/knn_affinity_umap_graph_agreement.csv"
"TabulaMuris","cpu","fuzzy",0.999966666666667,0.999897920122496,0.999797710545833,0.999999991902225,0.999966738111742,0.999897546232263,0.999998149455852,0.999990128560883,0.999987316641497,2000,"landmark","cpu4","/Users/stefano/Documents/fastEmbedR-results/fastEmbedR-results/TabulaMuris/landmark/cpu4/20260727_074705_1118099/knn_affinity_umap_graph_agreement.csv"
"TabulaMuris","cpu","binary",0.999966666666667,0.999897920122496,0.999797710545833,0.999999991902225,0.999966738111742,0.999897920122496,-5.1042543960391e-05,,0.99994895745604,2000,"landmark","cpu4","/Users/stefano/Documents/fastEmbedR-results/fastEmbedR-results/TabulaMuris/landmark/cpu4/20260727_074705_1118099/knn_affinity_umap_graph_agreement.csv"
"TabulaMuris","cuda","fuzzy",1,1,0.999999999999994,0.999999999743775,0.999999991826941,1,0.999999999892679,0.999978290147732,0.99999685197225,2000,"landmark","cuda","/Users/stefano/Documents/fastEmbedR-results/fastEmbedR-results/TabulaMuris/landmark/cuda/20260727_094617_1118110/knn_affinity_umap_graph_agreement.csv"
"TabulaMuris","cuda","binary",1,1,0.999999999999994,0.999999999743775,0.999999991826941,1,,,1,2000,"landmark","cuda","/Users/stefano/Documents/fastEmbedR-results/fastEmbedR-results/TabulaMuris/landmark/cuda/20260727_094617_1118110/knn_affinity_umap_graph_agreement.csv"
"TabulaMuris","cpu","fuzzy",0.999966666666667,0.999897920122496,0.999797710545833,0.999999991902225,0.999966738111742,0.999897546232263,0.999998149455852,0.999990128560883,0.999987316641497,2000,"standard","cpu1","/Users/stefano/Documents/fastEmbedR-results/fastEmbedR-results/TabulaMuris/standard/cpu1/20260727_073247_1118052/knn_affinity_umap_graph_agreement.csv"
"TabulaMuris","cpu","binary",0.999966666666667,0.999897920122496,0.999797710545833,0.999999991902225,0.999966738111742,0.999897920122496,-5.1042543960391e-05,,0.99994895745604,2000,"standard","cpu1","/Users/stefano/Documents/fastEmbedR-results/fastEmbedR-results/TabulaMuris/standard/cpu1/20260727_073247_1118052/knn_affinity_umap_graph_agreement.csv"
"TabulaMuris","cpu","fuzzy",0.999966666666667,0.999897920122496,0.999797710545833,0.999999991902225,0.999966738111742,0.999897546232263,0.999998149455852,0.999990128560883,0.999987316641497,2000,"standard","cpu4","/Users/stefano/Documents/fastEmbedR-results/fastEmbedR-results/TabulaMuris/standard/cpu4/20260727_073247_1118063/knn_affinity_umap_graph_agreement.csv"
"TabulaMuris","cpu","binary",0.999966666666667,0.999897920122496,0.999797710545833,0.999999991902225,0.999966738111742,0.999897920122496,-5.1042543960391e-05,,0.99994895745604,2000,"standard","cpu4","/Users/stefano/Documents/fastEmbedR-results/fastEmbedR-results/TabulaMuris/standard/cpu4/20260727_073247_1118063/knn_affinity_umap_graph_agreement.csv"
"TabulaMuris","cuda","fuzzy",1,1,0.999999999999994,0.999999999743775,0.999999991826941,1,0.999999999892679,0.999978290147732,0.99999685197225,2000,"standard","cuda","/Users/stefano/Documents/fastEmbedR-results/fastEmbedR-results/TabulaMuris/standard/cuda/20260727_093420_1118074/knn_affinity_umap_graph_agreement.csv"
"TabulaMuris","cuda","binary",1,1,0.999999999999994,0.999999999743775,0.999999991826941,1,,,1,2000,"standard","cuda","/Users/stefano/Documents/fastEmbedR-results/fastEmbedR-results/TabulaMuris/standard/cuda/20260727_093420_1118074/knn_affinity_umap_graph_agreement.csv"
"USPS","cpu","fuzzy",0.999683333333333,0.999205236091632,0.998160507268318,0.999838624267563,0.999683333303897,0.999205236091632,0.999961437197002,0.999956985368109,0.999837811511573,2000,"landmark","cpu1","/Users/stefano/Documents/fastEmbedR-results/fastEmbedR-results/USPS/landmark/cpu1/20260727_081156_1118089/knn_affinity_umap_graph_agreement.csv"
"USPS","cpu","binary",0.999683333333333,0.999205236091632,0.998160507268318,0.999838624267563,0.999683333303897,0.999205236091632,-0.000397539929378201,,0.999602460070622,2000,"landmark","cpu1","/Users/stefano/Documents/fastEmbedR-results/fastEmbedR-results/USPS/landmark/cpu1/20260727_081156_1118089/knn_affinity_umap_graph_agreement.csv"
"USPS","cpu","fuzzy",0.999683333333333,0.999205236091632,0.998160507268318,0.999838624267563,0.999683333303897,0.999205236091632,0.999961437197002,0.999956985368109,0.999837811511573,2000,"landmark","cpu4","/Users/stefano/Documents/fastEmbedR-results/fastEmbedR-results/USPS/landmark/cpu4/20260727_074717_1118100/knn_affinity_umap_graph_agreement.csv"
"USPS","cpu","binary",0.999683333333333,0.999205236091632,0.998160507268318,0.999838624267563,0.999683333303897,0.999205236091632,-0.000397539929378201,,0.999602460070622,2000,"landmark","cpu4","/Users/stefano/Documents/fastEmbedR-results/fastEmbedR-results/USPS/landmark/cpu4/20260727_074717_1118100/knn_affinity_umap_graph_agreement.csv"
"USPS","cuda","fuzzy",0.998833333333333,0.997664260855348,0.993276553727621,0.998080236810846,0.998834316848218,0.997664260855348,0.999946815315626,0.999872712003519,0.99970463065298,2000,"landmark","cuda","/Users/stefano/Documents/fastEmbedR-results/fastEmbedR-results/USPS/landmark/cuda/20260727_094647_1118111/knn_affinity_umap_graph_agreement.csv"
"USPS","cuda","binary",0.998833333333333,0.997664260855348,0.993276553727621,0.998080236810846,0.998834316848218,0.997664260855348,-0.00116923508640647,,0.998830764913594,2000,"landmark","cuda","/Users/stefano/Documents/fastEmbedR-results/fastEmbedR-results/USPS/landmark/cuda/20260727_094647_1118111/knn_affinity_umap_graph_agreement.csv"
"USPS","cpu","fuzzy",0.999683333333333,0.999205236091632,0.998160507268318,0.999838624267563,0.999683333303897,0.999205236091632,0.999961437197002,0.999956985368109,0.999837811511573,2000,"standard","cpu1","/Users/stefano/Documents/fastEmbedR-results/fastEmbedR-results/USPS/standard/cpu1/20260727_073247_1118053/knn_affinity_umap_graph_agreement.csv"
"USPS","cpu","binary",0.999683333333333,0.999205236091632,0.998160507268318,0.999838624267563,0.999683333303897,0.999205236091632,-0.000397539929378201,,0.999602460070622,2000,"standard","cpu1","/Users/stefano/Documents/fastEmbedR-results/fastEmbedR-results/USPS/standard/cpu1/20260727_073247_1118053/knn_affinity_umap_graph_agreement.csv"
"USPS","cpu","fuzzy",0.999683333333333,0.999205236091632,0.998160507268318,0.999838624267563,0.999683333303897,0.999205236091632,0.999961437197002,0.999956985368109,0.999837811511573,2000,"standard","cpu4","/Users/stefano/Documents/fastEmbedR-results/fastEmbedR-results/USPS/standard/cpu4/20260727_073247_1118064/knn_affinity_umap_graph_agreement.csv"
"USPS","cpu","binary",0.999683333333333,0.999205236091632,0.998160507268318,0.999838624267563,0.999683333303897,0.999205236091632,-0.000397539929378201,,0.999602460070622,2000,"standard","cpu4","/Users/stefano/Documents/fastEmbedR-results/fastEmbedR-results/USPS/standard/cpu4/20260727_073247_1118064/knn_affinity_umap_graph_agreement.csv"
"USPS","cuda","fuzzy",0.998833333333333,0.997664260855348,0.993276553727621,0.998080236810846,0.998834316848218,0.997664260855348,0.999946815315626,0.999872712003519,0.99970463065298,2000,"standard","cuda","/Users/stefano/Documents/fastEmbedR-results/fastEmbedR-results/USPS/standard/cuda/20260727_093710_1118075/knn_affinity_umap_graph_agreement.csv"
"USPS","cuda","binary",0.998833333333333,0.997664260855348,0.993276553727621,0.998080236810846,0.998834316848218,0.997664260855348,-0.00116923508640647,,0.998830764913594,2000,"standard","cuda","/Users/stefano/Documents/fastEmbedR-results/fastEmbedR-results/USPS/standard/cuda/20260727_093710_1118075/knn_affinity_umap_graph_agreement.csv"
"flow18","cpu","fuzzy",0.999733333333333,0.999350117941559,0.998269416619607,0.99986549523285,0.999732999140683,0.999350117941559,0.999925808354038,0.999972532964053,0.999802588927964,2000,"landmark","cpu1","/Users/stefano/Documents/fastEmbedR-results/fastEmbedR-results/flow18/landmark/cpu1/20260727_075233_1118081/knn_affinity_umap_graph_agreement.csv"
"flow18","cpu","binary",0.999733333333333,0.999350117941559,0.998269416619607,0.99986549523285,0.999732999140683,0.999350117941559,-0.000319424527429262,,0.999614782713374,2000,"landmark","cpu1","/Users/stefano/Documents/fastEmbedR-results/fastEmbedR-results/flow18/landmark/cpu1/20260727_075233_1118081/knn_affinity_umap_graph_agreement.csv"
"flow18","cpu","fuzzy",0.999733333333333,0.999350117941559,0.998269416619607,0.99986549523285,0.999732999140683,0.999350117941559,0.999925808354038,0.999972532964053,0.999802588927964,2000,"landmark","cpu4","/Users/stefano/Documents/fastEmbedR-results/fastEmbedR-results/flow18/landmark/cpu4/20260727_073801_1118092/knn_affinity_umap_graph_agreement.csv"
"flow18","cpu","binary",0.999733333333333,0.999350117941559,0.998269416619607,0.99986549523285,0.999732999140683,0.999350117941559,-0.000319424527429262,,0.999614782713374,2000,"landmark","cpu4","/Users/stefano/Documents/fastEmbedR-results/fastEmbedR-results/flow18/landmark/cpu4/20260727_073801_1118092/knn_affinity_umap_graph_agreement.csv"
"flow18","cuda","fuzzy",1,1,0.99999999999998,0.999999999352743,0.999999979583557,1,0.999999999714266,0.999980966751676,0.999994189059392,2000,"landmark","cuda","/Users/stefano/Documents/fastEmbedR-results/fastEmbedR-results/flow18/landmark/cuda/20260727_094222_1118103/knn_affinity_umap_graph_agreement.csv"
"flow18","cuda","binary",1,1,0.99999999999998,0.999999999352743,0.999999979583557,1,,,1,2000,"landmark","cuda","/Users/stefano/Documents/fastEmbedR-results/fastEmbedR-results/flow18/landmark/cuda/20260727_094222_1118103/knn_affinity_umap_graph_agreement.csv"
"flow18","cpu","fuzzy",0.999733333333333,0.999350117941559,0.998269416619607,0.99986549523285,0.999732999140683,0.999350117941559,0.999925808354038,0.999972532964053,0.999802588927964,2000,"standard","cpu1","/Users/stefano/Documents/fastEmbedR-results/fastEmbedR-results/flow18/standard/cpu1/20260727_073247_1118045/knn_affinity_umap_graph_agreement.csv"
"flow18","cpu","binary",0.999733333333333,0.999350117941559,0.998269416619607,0.99986549523285,0.999732999140683,0.999350117941559,-0.000319424527429262,,0.999614782713374,2000,"standard","cpu1","/Users/stefano/Documents/fastEmbedR-results/fastEmbedR-results/flow18/standard/cpu1/20260727_073247_1118045/knn_affinity_umap_graph_agreement.csv"
"flow18","cpu","fuzzy",0.999733333333333,0.999350117941559,0.998269416619607,0.99986549523285,0.999732999140683,0.999350117941559,0.999925808354038,0.999972532964053,0.999802588927964,2000,"standard","cpu4","/Users/stefano/Documents/fastEmbedR-results/fastEmbedR-results/flow18/standard/cpu4/20260727_073247_1118056/knn_affinity_umap_graph_agreement.csv"
"flow18","cpu","binary",0.999733333333333,0.999350117941559,0.998269416619607,0.99986549523285,0.999732999140683,0.999350117941559,-0.000319424527429262,,0.999614782713374,2000,"standard","cpu4","/Users/stefano/Documents/fastEmbedR-results/fastEmbedR-results/flow18/standard/cpu4/20260727_073247_1118056/knn_affinity_umap_graph_agreement.csv"
"flow18","cuda","fuzzy",1,1,0.99999999999998,0.999999999352743,0.999999979583557,1,0.999999999714266,0.999980966751676,0.999994189059392,2000,"standard","cuda","/Users/stefano/Documents/fastEmbedR-results/fastEmbedR-results/flow18/standard/cuda/20260727_090233_1118067/knn_affinity_umap_graph_agreement.csv"
"flow18","cuda","binary",1,1,0.99999999999998,0.999999999352743,0.999999979583557,1,,,1,2000,"standard","cuda","/Users/stefano/Documents/fastEmbedR-results/fastEmbedR-results/flow18/standard/cuda/20260727_090233_1118067/knn_affinity_umap_graph_agreement.csv"
"imagenet","cpu","fuzzy",0.99005,0.976750873777817,0.944110397202981,0.994651712423585,0.990052793278331,0.976750873777817,0.996532360606005,0.997573711578083,0.992868621426352,2000,"landmark","cpu1","/Users/stefano/Documents/fastEmbedR-results/fastEmbedR-results/imagenet/landmark/cpu1/20260727_103412_1118083/knn_affinity_umap_graph_agreement.csv"
"imagenet","cpu","binary",0.99005,0.976750873777817,0.944110397202981,0.994651712423585,0.990052793278331,0.976750873777817,-0.0117593611141287,,0.988028641754307,2000,"landmark","cpu1","/Users/stefano/Documents/fastEmbedR-results/fastEmbedR-results/imagenet/landmark/cpu1/20260727_103412_1118083/knn_affinity_umap_graph_agreement.csv"
"imagenet","cpu","fuzzy",0.99005,0.976750873777817,0.944110397202981,0.994651712423585,0.990052793278331,0.976750873777817,0.996532360606005,0.997573711578083,0.992868621426352,2000,"landmark","cpu4","/Users/stefano/Documents/fastEmbedR-results/fastEmbedR-results/imagenet/landmark/cpu4/20260727_103412_1118094/knn_affinity_umap_graph_agreement.csv"
"imagenet","cpu","binary",0.99005,0.976750873777817,0.944110397202981,0.994651712423585,0.990052793278331,0.976750873777817,-0.0117593611141287,,0.988028641754307,2000,"landmark","cpu4","/Users/stefano/Documents/fastEmbedR-results/fastEmbedR-results/imagenet/landmark/cpu4/20260727_103412_1118094/knn_affinity_umap_graph_agreement.csv"
"imagenet","cuda","fuzzy",1,1,1,0.999999999998635,0.999999999939945,1,0.999999999998535,0.999992673667961,0.999999517742713,2000,"landmark","cuda","/Users/stefano/Documents/fastEmbedR-results/fastEmbedR-results/imagenet/landmark/cuda/20260727_073615_1118105/knn_affinity_umap_graph_agreement.csv"
"imagenet","cuda","binary",1,1,1,0.999999999998635,0.999999999939945,1,,,1,2000,"landmark","cuda","/Users/stefano/Documents/fastEmbedR-results/fastEmbedR-results/imagenet/landmark/cuda/20260727_073615_1118105/knn_affinity_umap_graph_agreement.csv"
"imagenet","cuda","fuzzy",1,1,1,0.999999999998635,0.999999999939945,1,0.999999999998535,0.999992673667961,0.999999517742713,2000,"standard","cuda","/Users/stefano/Documents/fastEmbedR-results/fastEmbedR-results/imagenet/standard/cuda/20260727_073247_1118069/knn_affinity_umap_graph_agreement.csv"
"imagenet","cuda","binary",1,1,1,0.999999999998635,0.999999999939945,1,,,1,2000,"standard","cuda","/Users/stefano/Documents/fastEmbedR-results/fastEmbedR-results/imagenet/standard/cuda/20260727_073247_1118069/knn_affinity_umap_graph_agreement.csv"
"mass41","cpu","fuzzy",0.999933333333333,0.999816104636462,0.999614389439164,0.999998897560037,0.999933416910704,0.999816104636462,0.999987929232551,0.999991471697688,0.999957381960237,2000,"landmark","cpu1","/Users/stefano/Documents/fastEmbedR-results/fastEmbedR-results/mass41/landmark/cpu1/20260727_075616_1118085/knn_affinity_umap_graph_agreement.csv"
"mass41","cpu","binary",0.999933333333333,0.999816104636462,0.999614389439164,0.999998897560037,0.999933416910704,0.999816104636462,-9.19561369226879e-05,,0.999908043863077,2000,"landmark","cpu1","/Users/stefano/Documents/fastEmbedR-results/fastEmbedR-results/mass41/landmark/cpu1/20260727_075616_1118085/knn_affinity_umap_graph_agreement.csv"
"mass41","cpu","fuzzy",0.999933333333333,0.999816104636462,0.999614389439164,0.999998897560037,0.999933416910704,0.999816104636462,0.999987929232551,0.999991471697688,0.999957381960237,2000,"landmark","cpu4","/Users/stefano/Documents/fastEmbedR-results/fastEmbedR-results/mass41/landmark/cpu4/20260727_074425_1118096/knn_affinity_umap_graph_agreement.csv"
"mass41","cpu","binary",0.999933333333333,0.999816104636462,0.999614389439164,0.999998897560037,0.999933416910704,0.999816104636462,-9.19561369226879e-05,,0.999908043863077,2000,"landmark","cpu4","/Users/stefano/Documents/fastEmbedR-results/fastEmbedR-results/mass41/landmark/cpu4/20260727_074425_1118096/knn_affinity_umap_graph_agreement.csv"
"mass41","cuda","fuzzy",1,1,0.999999999999997,0.999999999793845,0.999999992278896,1,0.999999999966298,0.999981045058471,0.999997823898175,2000,"landmark","cuda","/Users/stefano/Documents/fastEmbedR-results/fastEmbedR-results/mass41/landmark/cuda/20260727_094401_1118107/knn_affinity_umap_graph_agreement.csv"
"mass41","cuda","binary",1,1,0.999999999999997,0.999999999793845,0.999999992278896,1,,,1,2000,"landmark","cuda","/Users/stefano/Documents/fastEmbedR-results/fastEmbedR-results/mass41/landmark/cuda/20260727_094401_1118107/knn_affinity_umap_graph_agreement.csv"
"mass41","cpu","fuzzy",0.999933333333333,0.999816104636462,0.999614389439164,0.999998897560037,0.999933416910704,0.999816104636462,0.999987929232551,0.999991471697688,0.999957381960237,2000,"standard","cpu1","/Users/stefano/Documents/fastEmbedR-results/fastEmbedR-results/mass41/standard/cpu1/20260727_073247_1118049/knn_affinity_umap_graph_agreement.csv"
"mass41","cpu","binary",0.999933333333333,0.999816104636462,0.999614389439164,0.999998897560037,0.999933416910704,0.999816104636462,-9.19561369226879e-05,,0.999908043863077,2000,"standard","cpu1","/Users/stefano/Documents/fastEmbedR-results/fastEmbedR-results/mass41/standard/cpu1/20260727_073247_1118049/knn_affinity_umap_graph_agreement.csv"
"mass41","cpu","fuzzy",0.999933333333333,0.999816104636462,0.999614389439164,0.999998897560037,0.999933416910704,0.999816104636462,0.999987929232551,0.999991471697688,0.999957381960237,2000,"standard","cpu4","/Users/stefano/Documents/fastEmbedR-results/fastEmbedR-results/mass41/standard/cpu4/20260727_073247_1118060/knn_affinity_umap_graph_agreement.csv"
"mass41","cpu","binary",0.999933333333333,0.999816104636462,0.999614389439164,0.999998897560037,0.999933416910704,0.999816104636462,-9.19561369226879e-05,,0.999908043863077,2000,"standard","cpu4","/Users/stefano/Documents/fastEmbedR-results/fastEmbedR-results/mass41/standard/cpu4/20260727_073247_1118060/knn_affinity_umap_graph_agreement.csv"
"mass41","cuda","fuzzy",1,1,0.999999999999997,0.999999999793845,0.999999992278896,1,0.999999999966298,0.999981045058471,0.999997823898175,2000,"standard","cuda","/Users/stefano/Documents/fastEmbedR-results/fastEmbedR-results/mass41/standard/cuda/20260727_090955_1118071/knn_affinity_umap_graph_agreement.csv"
"mass41","cuda","binary",1,1,0.999999999999997,0.999999999793845,0.999999992278896,1,,,1,2000,"standard","cuda","/Users/stefano/Documents/fastEmbedR-results/fastEmbedR-results/mass41/standard/cuda/20260727_090955_1118071/knn_affinity_umap_graph_agreement.csv"
