"dataset","method","backend","profile","timing_scope","runtime_measure","n_runs","runtime_sec_median","runtime_sec_q1","runtime_sec_q3","r_mediated_total_call_sec_median","r_mediated_total_call_sec_q1","r_mediated_total_call_sec_q3","direct_python_fit_sec_median","direct_python_fit_sec_q1","direct_python_fit_sec_q3","direct_python_process_total_sec_median","direct_python_process_total_sec_q1","direct_python_process_total_sec_q3","trustworthiness_median","nn_preservation_median","silhouette_median","label_accuracy_median"
"COIL20","python_opentsne_fft","cpu","cpu1","r_mediated_total_call","r_mediated_total_call_sec",3,48.622,48.247,51.8855,48.622,48.247,51.8855,,,,,,,0.982876185995452,0.738171296296296,0.423443953116226,0.911111111111111
"FashionMNIST","python_opentsne_fft","cpu","cpu1","r_mediated_total_call","r_mediated_total_call_sec",3,224.514,219.848,231.4635,224.514,219.848,231.4635,,,,,,,0.961271981487702,0.424233333333333,0.12194595111857,0.795666666666667
"MNIST","python_opentsne_fft","cpu","cpu1","r_mediated_total_call","r_mediated_total_call_sec",3,255.864,247.836,260.7805,255.864,247.836,260.7805,,,,,,,0.95902389430075,0.408155555555556,0.348632382050818,0.967
"Macosko2015_retina","python_opentsne_fft","cpu","cpu1","r_mediated_total_call","r_mediated_total_call_sec",3,101.381,99.994,102.37,101.381,99.994,102.37,,,,,,,0.93545321539208,0.3935,0.129083404193339,0.973333333333333
"MetRef","python_opentsne_fft","cpu","cpu1","r_mediated_total_call","r_mediated_total_call_sec",3,16.063,15.5925,18.48,16.063,15.5925,18.48,,,,,,,0.872889248253712,0.411798396334479,0.0406110633069737,0.72737686139748
"TabulaMuris","python_opentsne_fft","cpu","cpu1","r_mediated_total_call","r_mediated_total_call_sec",3,161.873,153.9475,164.863,161.873,153.9475,164.863,,,,,,,0.986255342813421,0.617677777777778,-0.0298359964435511,0.858333333333333
"USPS","python_opentsne_fft","cpu","cpu1","r_mediated_total_call","r_mediated_total_call_sec",3,64.396,63.0045,64.9005,64.396,63.0045,64.9005,,,,,,,0.966588489530848,0.441755555555556,0.181496364597705,0.742666666666667
"COIL20","python_opentsne_fft_direct","cpu","cpu1","direct_python_fit","direct_python_fit_sec",3,43.9867194304243,43.0963071035222,46.2868155576289,,,,43.9867194304243,43.0963071035222,46.2868155576289,45.183,44.2835,47.534,0.982876185995452,0.738171296296296,0.423443952745551,0.911111111111111
"FashionMNIST","python_opentsne_fft_direct","cpu","cpu1","direct_python_fit","direct_python_fit_sec",3,211.274181887507,210.358825432137,222.621528750286,,,,211.274181887507,210.358825432137,222.621528750286,212.936,212.024,224.3255,0.961271981487702,0.424233333333333,0.121945951014412,0.795666666666667
"MNIST","python_opentsne_fft_direct","cpu","cpu1","direct_python_fit","direct_python_fit_sec",3,233.681618916802,231.560543170199,247.337231875863,,,,233.681618916802,231.560543170199,247.337231875863,234.757,232.6255,248.439,0.95902389430075,0.408155555555556,0.348632382129469,0.967
"Macosko2015_retina","python_opentsne_fft_direct","cpu","cpu1","direct_python_fit","direct_python_fit_sec",3,94.7841591434553,91.2448599739,95.3610755465924,,,,94.7841591434553,91.2448599739,95.3610755465924,95.5,91.944,96.086,0.93545321539208,0.3935,0.129083406591676,0.973333333333333
"MetRef","python_opentsne_fft_direct","cpu","cpu1","direct_python_fit","direct_python_fit_sec",3,12.9678876427934,12.4912197762169,13.2640635827557,,,,12.9678876427934,12.4912197762169,13.2640635827557,13.539,13.078,13.8325,0.872889248253712,0.411798396334479,0.0406110627049813,0.72737686139748
"TabulaMuris","python_opentsne_fft_direct","cpu","cpu1","direct_python_fit","direct_python_fit_sec",3,149.076947737485,145.900938552804,155.458193932194,,,,149.076947737485,145.900938552804,155.458193932194,149.955,146.7665,156.348,0.986255342813421,0.617677777777778,-0.0298359954868798,0.858333333333333
"USPS","python_opentsne_fft_direct","cpu","cpu1","direct_python_fit","direct_python_fit_sec",3,57.6586806597188,57.2077232324518,58.8505132081918,,,,57.6586806597188,57.2077232324518,58.8505132081918,58.3,57.8435,59.496,0.966588489530848,0.441755555555556,0.181496364879163,0.742666666666667
"COIL20","python_umap_learn","cpu","cpu1","r_mediated_total_call","r_mediated_total_call_sec",3,19.906,19.4395,20.8565,19.906,19.4395,20.8565,,,,,,,0.983754998823806,0.734953703703704,0.471931690402941,0.820833333333333
"FashionMNIST","python_umap_learn","cpu","cpu1","r_mediated_total_call","r_mediated_total_call_sec",3,73.755,73.4325,78.5475,73.755,73.4325,78.5475,,,,,,,0.955051767252641,0.417122222222222,0.203744984672119,0.768
"MNIST","python_umap_learn","cpu","cpu1","r_mediated_total_call","r_mediated_total_call_sec",3,70.775,68.8605,74.679,70.775,68.8605,74.679,,,,,,,0.949753599820849,0.423422222222222,0.516297366369848,0.965666666666667
"Macosko2015_retina","python_umap_learn","cpu","cpu1","r_mediated_total_call","r_mediated_total_call_sec",3,53.987,52.348,54.7795,53.987,52.348,54.7795,,,,,,,0.928278214459,0.386811111111111,0.286814656439665,0.973333333333333
"MetRef","python_umap_learn","cpu","cpu1","r_mediated_total_call","r_mediated_total_call_sec",3,12.796,12.669,12.8655,12.796,12.669,12.8655,,,,,,,0.853037755766682,0.412142038946163,0.144821560304734,0.720504009163803
"TabulaMuris","python_umap_learn","cpu","cpu1","r_mediated_total_call","r_mediated_total_call_sec",3,113.119,113.08,118.6705,113.119,113.08,118.6705,,,,,,,0.991420244093607,0.652355555555556,0.0596138290020064,0.849333333333333
"USPS","python_umap_learn","cpu","cpu1","r_mediated_total_call","r_mediated_total_call_sec",3,24.669,24.4345,24.894,24.669,24.4345,24.894,,,,,,,0.920026790579629,0.364777777777778,0.0990329148369315,0.725333333333333
"COIL20","python_umap_learn_direct","cpu","cpu1","direct_python_fit","direct_python_fit_sec",3,18.6794248446822,17.7680282592774,19.1267514824867,,,,18.6794248446822,17.7680282592774,19.1267514824867,19.861,18.884,20.3275,0.983754998823806,0.734953703703704,0.471931690402941,0.820833333333333
"FashionMNIST","python_umap_learn_direct","cpu","cpu1","direct_python_fit","direct_python_fit_sec",3,72.6529015488923,71.0362955257297,76.5812152945437,,,,72.6529015488923,71.0362955257297,76.5812152945437,74.339,72.6815,78.352,0.955051767252641,0.417122222222222,0.203744984672119,0.768
"MNIST","python_umap_learn_direct","cpu","cpu1","direct_python_fit","direct_python_fit_sec",3,69.2109111566097,67.4855951126665,72.7241195817478,,,,69.2109111566097,67.4855951126665,72.7241195817478,70.543,68.79,74.091,0.949753599820849,0.423422222222222,0.516297366369848,0.965666666666667
"Macosko2015_retina","python_umap_learn_direct","cpu","cpu1","direct_python_fit","direct_python_fit_sec",3,54.6865378031507,52.1554624163546,56.6314081475139,,,,54.6865378031507,52.1554624163546,56.6314081475139,55.723,53.1495,57.6195,0.928278214459,0.386811111111111,0.286814656439665,0.973333333333333
"MetRef","python_umap_learn_direct","cpu","cpu1","direct_python_fit","direct_python_fit_sec",3,11.1250476166606,11.0696724164299,11.1874049035832,,,,11.1250476166606,11.0696724164299,11.1874049035832,11.807,11.7515,11.885,0.853037755766682,0.412142038946163,0.144821560304734,0.720504009163803
"TabulaMuris","python_umap_learn_direct","cpu","cpu1","direct_python_fit","direct_python_fit_sec",3,110.506315860897,110.180238960777,116.059978553094,,,,110.506315860897,110.180238960777,116.059978553094,111.597,111.247,117.16,0.991420244093607,0.652355555555556,0.0596138290020064,0.849333333333333
"USPS","python_umap_learn_direct","cpu","cpu1","direct_python_fit","direct_python_fit_sec",3,23.3548245886341,23.1986952186562,23.4166194102727,,,,23.3548245886341,23.1986952186562,23.4166194102727,24.29,24.101,24.359,0.920026790579629,0.364777777777778,0.0990329148369315,0.725333333333333
"COIL20","python_opentsne_fft","cpu","cpu4","r_mediated_total_call","r_mediated_total_call_sec",3,36.631,35.3375,38.602,36.631,35.3375,38.602,,,,,,,0.98163157688387,0.733078703703704,0.410865024930904,0.892361111111111
"FashionMNIST","python_opentsne_fft","cpu","cpu4","r_mediated_total_call","r_mediated_total_call_sec",3,120.127,119.67,121.907,120.127,119.67,121.907,,,,,,,0.96072138245064,0.423788888888889,0.123075323068459,0.793
"MNIST","python_opentsne_fft","cpu","cpu4","r_mediated_total_call","r_mediated_total_call_sec",3,156.313,156.0345,157.226,156.313,156.0345,157.226,,,,,,,0.958728287239204,0.408244444444444,0.349602737646241,0.968666666666667
"Macosko2015_retina","python_opentsne_fft","cpu","cpu4","r_mediated_total_call","r_mediated_total_call_sec",3,75.343,72.79,78.1375,75.343,72.79,78.1375,,,,,,,0.934777785242414,0.394133333333333,0.12555529929577,0.973666666666667
"MetRef","python_opentsne_fft","cpu","cpu4","r_mediated_total_call","r_mediated_total_call_sec",3,18.305,18.0775,22.2015,18.305,18.0775,22.2015,,,,,,,0.872424859061609,0.412065673921344,0.040806553957966,0.728522336769759
"TabulaMuris","python_opentsne_fft","cpu","cpu4","r_mediated_total_call","r_mediated_total_call_sec",3,94.445,92.86,97.795,94.445,92.86,97.795,,,,,,,0.985790975254731,0.617622222222222,-0.0288980710457404,0.859333333333333
"USPS","python_opentsne_fft","cpu","cpu4","r_mediated_total_call","r_mediated_total_call_sec",2,47.8005,47.11975,48.48125,47.8005,47.11975,48.48125,,,,,,,0.965957492628672,0.443077777777778,0.185661496941341,0.736166666666667
"flow18","python_opentsne_fft","cpu","cpu4","r_mediated_total_call","r_mediated_total_call_sec",3,622.765,594.62,640.053,622.765,594.62,640.053,,,,,,,0.977624469077744,0.400922222222222,0.0692979146450861,0.954666666666667
"mass41","python_opentsne_fft","cpu","cpu4","r_mediated_total_call","r_mediated_total_call_sec",3,576.581,533.587,605.0825,576.581,533.587,605.0825,,,,,,,0.974051140223193,0.354188888888889,0.178568798570067,0.877333333333333
"COIL20","python_opentsne_fft_direct","cpu","cpu4","direct_python_fit","direct_python_fit_sec",3,30.9538748310879,30.3245661696419,32.018502243096,,,,30.9538748310879,30.3245661696419,32.018502243096,32.444,31.684,33.398,0.98163157688387,0.733078703703704,0.410865023508728,0.892361111111111
"FashionMNIST","python_opentsne_fft_direct","cpu","cpu4","direct_python_fit","direct_python_fit_sec",3,109.011737803929,108.550643150462,111.20113939885,,,,109.011737803929,108.550643150462,111.20113939885,110.682,110.1945,112.883,0.96072138245064,0.423788888888889,0.123075323130492,0.793
"MNIST","python_opentsne_fft_direct","cpu","cpu4","direct_python_fit","direct_python_fit_sec",3,149.059720859863,147.878489239957,150.988541688421,,,,149.059720859863,147.878489239957,150.988541688421,150.551,149.292,152.514,0.958728287239204,0.408244444444444,0.349602738008422,0.968666666666667
"Macosko2015_retina","python_opentsne_fft_direct","cpu","cpu4","direct_python_fit","direct_python_fit_sec",3,65.9533350327983,64.160100797424,67.6423673573881,,,,65.9533350327983,64.160100797424,67.6423673573881,66.733,64.935,68.3705,0.934777785242414,0.394133333333333,0.125555299566036,0.973666666666667
"MetRef","python_opentsne_fft_direct","cpu","cpu4","direct_python_fit","direct_python_fit_sec",3,15.593038574094,14.6339892125688,15.6910352250562,,,,15.593038574094,14.6339892125688,15.6910352250562,16.364,15.41,16.4515,0.872424859061609,0.412065673921344,0.0408065546449177,0.728522336769759
"TabulaMuris","python_opentsne_fft_direct","cpu","cpu4","direct_python_fit","direct_python_fit_sec",3,87.8777839019895,87.6628818300087,89.9889848229941,,,,87.8777839019895,87.6628818300087,89.9889848229941,88.531,88.313,90.683,0.985790975254731,0.617622222222222,-0.0288980723433135,0.859333333333333
"USPS","python_opentsne_fft_direct","cpu","cpu4","direct_python_fit","direct_python_fit_sec",3,44.5203884639777,43.9677056154469,44.5263945724582,,,,44.5203884639777,43.9677056154469,44.5263945724582,44.928,44.3795,45.2125,0.965922539469264,0.439955555555556,0.182849632500419,0.735
"flow18","python_opentsne_fft_direct","cpu","cpu4","direct_python_fit","direct_python_fit_sec",3,610.252521623857,604.671843291027,618.028243823908,,,,610.252521623857,604.671843291027,618.028243823908,612.617,607.099,620.263,0.977624469077744,0.400911111111111,0.0692979153791194,0.954666666666667
"mass41","python_opentsne_fft_direct","cpu","cpu4","direct_python_fit","direct_python_fit_sec",3,572.086173487362,555.876685773022,588.16974529135,,,,572.086173487362,555.876685773022,588.16974529135,574.612,558.2695,590.504,0.974051140223193,0.354188888888889,0.178568798846049,0.877333333333333
"COIL20","python_umap_learn","cpu","cpu4","r_mediated_total_call","r_mediated_total_call_sec",3,20.974,20.8005,21.005,20.974,20.8005,21.005,,,,,,,0.983754998823806,0.734953703703704,0.471931690402941,0.820833333333333
"FashionMNIST","python_umap_learn","cpu","cpu4","r_mediated_total_call","r_mediated_total_call_sec",3,79.73,77.004,80.1735,79.73,77.004,80.1735,,,,,,,0.955274288060314,0.417622222222222,0.203744984672119,0.768
"MNIST","python_umap_learn","cpu","cpu4","r_mediated_total_call","r_mediated_total_call_sec",3,83.356,83.1485,84.211,83.356,83.1485,84.211,,,,,,,0.94962180420259,0.423566666666667,0.516297366369848,0.962
"Macosko2015_retina","python_umap_learn","cpu","cpu4","r_mediated_total_call","r_mediated_total_call_sec",3,50.987,50.5515,51.574,50.987,50.5515,51.574,,,,,,,0.930304251110365,0.3892,0.322332970373575,0.973666666666667
"MetRef","python_umap_learn","cpu","cpu4","r_mediated_total_call","r_mediated_total_call_sec",3,15.081,14.6945,15.102,15.081,14.6945,15.102,,,,,,,0.853037755766682,0.412142038946163,0.144821560304734,0.720504009163803
"TabulaMuris","python_umap_learn","cpu","cpu4","r_mediated_total_call","r_mediated_total_call_sec",3,90.442,88.7825,93.868,90.442,88.7825,93.868,,,,,,,0.990739013921547,0.650544444444444,0.0395932299621641,0.841
"USPS","python_umap_learn","cpu","cpu4","r_mediated_total_call","r_mediated_total_call_sec",3,22.939,22.5165,23.2385,22.939,22.5165,23.2385,,,,,,,0.920026790579629,0.364777777777778,0.0990329148369315,0.725333333333333
"flow18","python_umap_learn","cpu","cpu4","r_mediated_total_call","r_mediated_total_call_sec",3,1143.379,1106.332,1154.2565,1143.379,1106.332,1154.2565,,,,,,,0.96604316799164,0.376344444444444,0.383402471954305,0.953666666666667
"mass41","python_umap_learn","cpu","cpu4","r_mediated_total_call","r_mediated_total_call_sec",3,1118.253,1084.5035,1118.6075,1118.253,1084.5035,1118.6075,,,,,,,0.968730444519091,0.345066666666667,0.297413451650655,0.892666666666667
"COIL20","python_umap_learn_direct","cpu","cpu4","direct_python_fit","direct_python_fit_sec",3,19.3118180399761,18.3453930753749,19.388034429634,,,,19.3118180399761,18.3453930753749,19.388034429634,20.694,19.5975,20.7495,0.983754998823806,0.734953703703704,0.471931690402941,0.820833333333333
"FashionMNIST","python_umap_learn_direct","cpu","cpu4","direct_python_fit","direct_python_fit_sec",3,77.2495644148439,73.1501032384112,77.4797252453863,,,,77.2495644148439,73.1501032384112,77.4797252453863,79.146,74.909,79.304,0.955274288060314,0.417622222222222,0.203744984672119,0.768
"MNIST","python_umap_learn_direct","cpu","cpu4","direct_python_fit","direct_python_fit_sec",3,81.752477925038,81.6330028244993,82.3135749894427,,,,81.752477925038,81.6330028244993,82.3135749894427,83.535,83.3895,84.201,0.94962180420259,0.423566666666667,0.516297366369848,0.962
"Macosko2015_retina","python_umap_learn_direct","cpu","cpu4","direct_python_fit","direct_python_fit_sec",3,49.5112347989343,49.3873907953966,49.5538525304291,,,,49.5112347989343,49.3873907953966,49.5538525304291,50.416,50.3055,50.489,0.930304251110365,0.3892,0.322332970373575,0.973666666666667
"MetRef","python_umap_learn_direct","cpu","cpu4","direct_python_fit","direct_python_fit_sec",3,12.4954642071389,12.3284325001296,12.7064031065674,,,,12.4954642071389,12.3284325001296,12.7064031065674,13.394,13.181,13.5735,0.853037755766682,0.412142038946163,0.144821560304734,0.720504009163803
"TabulaMuris","python_umap_learn_direct","cpu","cpu4","direct_python_fit","direct_python_fit_sec",3,85.8204787860159,85.7404421430547,87.7716002280359,,,,85.8204787860159,85.7404421430547,87.7716002280359,87.176,86.875,88.8865,0.990739013921547,0.650544444444444,0.0395932299621641,0.841
"USPS","python_umap_learn_direct","cpu","cpu4","direct_python_fit","direct_python_fit_sec",3,21.3630882289726,20.9046891705365,21.4163335064659,,,,21.3630882289726,20.9046891705365,21.4163335064659,22.039,21.6225,22.04,0.920026790579629,0.364777777777778,0.0990329148369315,0.725333333333333
"flow18","python_umap_learn_direct","cpu","cpu4","direct_python_fit","direct_python_fit_sec",3,1126.65822762297,1109.20507570845,1146.921354071,,,,1126.65822762297,1109.20507570845,1146.921354071,1129.114,1111.605,1149.4325,0.96604316799164,0.376344444444444,0.383402471954305,0.953666666666667
"mass41","python_umap_learn_direct","cpu","cpu4","direct_python_fit","direct_python_fit_sec",3,1121.98841348523,1091.36205221363,1128.05325653544,,,,1121.98841348523,1091.36205221363,1128.05325653544,1124.876,1094.0595,1131.1195,0.968730444519091,0.345066666666667,0.297413451650655,0.892666666666667
"COIL20","rapids_cuml_tsne_full","cuda","cuda","r_mediated_total_call","r_mediated_total_call_sec",3,5.812,5.8055,6.1385,5.812,5.8055,6.1385,,,,,,,0.983294388248517,0.728981481481481,0.339663029676983,0.890277777777778
"FashionMNIST","rapids_cuml_tsne_full","cuda","cuda","r_mediated_total_call","r_mediated_total_call_sec",3,6.78,6.652,7.8165,6.78,6.652,7.8165,,,,,,,0.533281401858694,0.0177333333333333,-0.108131605075949,0.176333333333333
"MNIST","rapids_cuml_tsne_full","cuda","cuda","r_mediated_total_call","r_mediated_total_call_sec",3,6.433,6.4245,6.4445,6.433,6.4245,6.4445,,,,,,,0.964696928302168,0.425977777777778,0.368578119538394,0.956666666666667
"Macosko2015_retina","rapids_cuml_tsne_full","cuda","cuda","r_mediated_total_call","r_mediated_total_call_sec",3,5.668,5.66,6.019,5.668,5.66,6.019,,,,,,,0.912050983465831,0.375388888888889,-0.112246753898975,0.951666666666667
"MetRef","rapids_cuml_tsne_full","cuda","cuda","r_mediated_total_call","r_mediated_total_call_sec",3,5.048,5.0205,5.051,5.048,5.0205,5.051,,,,,,,0.569725220672461,0.0653302787323406,-0.382326709024415,0.0985108820160367
"TabulaMuris","rapids_cuml_tsne_full","cuda","cuda","r_mediated_total_call","r_mediated_total_call_sec",3,6.195,6.19,6.214,6.195,6.19,6.214,,,,,,,0.91389983951032,0.503555555555556,-0.185076866691763,0.771
"USPS","rapids_cuml_tsne_full","cuda","cuda","r_mediated_total_call","r_mediated_total_call_sec",3,5.358,5.3545,5.3605,5.358,5.3545,5.3605,,,,,,,0.957862770126526,0.446233333333333,0.134789208725267,0.722
"COIL20","rapids_cuml_tsne_full_direct","cuda","cuda","direct_python_fit","direct_python_fit_sec",3,2.11078825686127,2.10531478840858,2.12195726763457,,,,2.11078825686127,2.10531478840858,2.12195726763457,3.225,3.221,3.234,0.982370455317703,0.731481481481482,0.335226418093741,0.883333333333333
"FashionMNIST","rapids_cuml_tsne_full_direct","cuda","cuda","direct_python_fit","direct_python_fit_sec",3,2.91078185662627,2.86363128572702,2.94125327048823,,,,2.91078185662627,2.86363128572702,2.94125327048823,4.543,4.4795,4.5475,0.69342996305005,0.0926888888888889,-0.0677677568471887,0.420333333333333
"FlowRepository_FR-FCM-ZYRM_files","rapids_cuml_tsne_full_direct","cuda","cuda","direct_python_fit","direct_python_fit_sec",3,779.210353499278,766.009776502847,779.909238719381,,,,779.210353499278,766.009776502847,779.909238719381,791.905,779.4515,792.573,0.878209756279625,0.145155555555556,-0.237698411583652,0.388
"MNIST","rapids_cuml_tsne_full_direct","cuda","cuda","direct_python_fit","direct_python_fit_sec",3,2.71646160166711,2.71112602716312,2.72078189998865,,,,2.71646160166711,2.71112602716312,2.72078189998865,3.746,3.7345,3.7505,0.964649184488486,0.426955555555556,0.362330923489126,0.956666666666667
"Macosko2015_retina","rapids_cuml_tsne_full_direct","cuda","cuda","direct_python_fit","direct_python_fit_sec",3,2.26436308585107,2.26005031121895,2.26533065084368,,,,2.26436308585107,2.26005031121895,2.26533065084368,2.81,2.8045,2.8165,0.893990281043556,0.376833333333333,-0.179761061882165,0.941
"MetRef","rapids_cuml_tsne_full_direct","cuda","cuda","direct_python_fit","direct_python_fit_sec",3,1.59085529483855,1.58753224462271,1.59197025280446,,,,1.59085529483855,1.58753224462271,1.59197025280446,1.98,1.976,1.981,0.56972297464232,0.065253913707522,-0.382327030526,0.0973654066437572
"TabulaMuris","rapids_cuml_tsne_full_direct","cuda","cuda","direct_python_fit","direct_python_fit_sec",3,2.69658135436475,2.67737882537767,2.72798268869519,,,,2.69658135436475,2.67737882537767,2.72798268869519,3.415,3.3965,3.449,0.947137140297839,0.563644444444444,-0.136316370654188,0.825333333333333
"USPS","rapids_cuml_tsne_full_direct","cuda","cuda","direct_python_fit","direct_python_fit_sec",3,1.94197330996394,1.94036589935422,1.95025413343683,,,,1.94197330996394,1.94036589935422,1.95025413343683,2.398,2.3975,2.411,0.956301653416937,0.442666666666667,0.132411639246517,0.725333333333333
"flow18","rapids_cuml_tsne_full_direct","cuda","cuda","direct_python_fit","direct_python_fit_sec",3,34.3854468232021,34.3428668333218,34.3892163131386,,,,34.3854468232021,34.3428668333218,34.3892163131386,36.7,36.659,36.7235,0.980471167842347,0.419144444444444,0.0460799897059095,0.952333333333333
"imagenet","rapids_cuml_tsne_full_direct","cuda","cuda","direct_python_fit","direct_python_fit_sec",3,166.472339186817,163.755921480245,168.255837560166,,,,166.472339186817,163.755921480245,168.255837560166,210.069,207.159,211.4615,0.509125010263875,0.0178777777777778,-0.753528094007346,0.019
"mass41","rapids_cuml_tsne_full_direct","cuda","cuda","direct_python_fit","direct_python_fit_sec",3,33.2783109210432,33.1297873556614,33.3134305784479,,,,33.2783109210432,33.1297873556614,33.3134305784479,35.593,35.446,35.6345,0.977010756540888,0.374222222222222,0.236284734277466,0.893
"COIL20","rapids_cuml_umap_full","cuda","cuda","r_mediated_total_call","r_mediated_total_call_sec",3,3.358,3.348,3.401,3.358,3.348,3.401,,,,,,,0.978636725999111,0.716203703703704,0.442763743240997,0.8
"FashionMNIST","rapids_cuml_umap_full","cuda","cuda","r_mediated_total_call","r_mediated_total_call_sec",3,4.135,4.134,4.2345,4.135,4.134,4.2345,,,,,,,0.952938580972642,0.401433333333333,0.198294822701428,0.764333333333333
"FlowRepository_FR-FCM-ZYRM_files","rapids_cuml_umap_full","cuda","cuda","r_mediated_total_call","r_mediated_total_call_sec",3,199.395,198.3515,200.149,199.395,198.3515,200.149,,,,,,,0.947252342029635,0.322355555555556,-0.186138102990865,0.441666666666667
"MNIST","rapids_cuml_umap_full","cuda","cuda","r_mediated_total_call","r_mediated_total_call_sec",3,4.099,4.0905,4.1205,4.099,4.0905,4.1205,,,,,,,0.942812032993692,0.4018,0.44339429147704,0.956
"Macosko2015_retina","rapids_cuml_umap_full","cuda","cuda","r_mediated_total_call","r_mediated_total_call_sec",3,3.157,3.151,3.2065,3.157,3.151,3.2065,,,,,,,0.921325734333595,0.368966666666667,0.313130502788949,0.974
"MetRef","rapids_cuml_umap_full","cuda","cuda","r_mediated_total_call","r_mediated_total_call_sec",3,3.009,3.007,3.014,3.009,3.007,3.014,,,,,,,0.851794263639018,0.408514700267278,0.135019719303648,0.710194730813288
"TabulaMuris","rapids_cuml_umap_full","cuda","cuda","r_mediated_total_call","r_mediated_total_call_sec",3,3.638,3.622,3.6435,3.638,3.622,3.6435,,,,,,,0.988253655805621,0.633933333333333,0.0432028633196496,0.84
"USPS","rapids_cuml_umap_full","cuda","cuda","r_mediated_total_call","r_mediated_total_call_sec",3,2.979,2.9775,2.987,2.979,2.9775,2.987,,,,,,,0.916187444481768,0.348288888888889,0.127528904964928,0.725333333333333
"flow18","rapids_cuml_umap_full","cuda","cuda","r_mediated_total_call","r_mediated_total_call_sec",3,12.095,11.9695,12.1205,12.095,11.9695,12.1205,,,,,,,0.96461352592095,0.366777777777778,0.378274170764529,0.954
"imagenet","rapids_cuml_umap_full","cuda","cuda","r_mediated_total_call","r_mediated_total_call_sec",3,326.833,326.189,327.8085,326.833,326.189,327.8085,,,,,,,0.766068480573284,0.227344444444444,0.0756609961461748,0.194666666666667
"mass41","rapids_cuml_umap_full","cuda","cuda","r_mediated_total_call","r_mediated_total_call_sec",3,9.576,9.5345,9.6345,9.576,9.5345,9.6345,,,,,,,0.967315000186616,0.339055555555556,0.300449679226527,0.889666666666667
"COIL20","rapids_cuml_umap_full_direct","cuda","cuda","direct_python_fit","direct_python_fit_sec",3,1.86406767833978,1.86252010241151,1.86959386244417,,,,1.86406767833978,1.86252010241151,1.86959386244417,2.84,2.839,2.848,0.978636725999111,0.716203703703704,0.442763743240997,0.8
"FashionMNIST","rapids_cuml_umap_full_direct","cuda","cuda","direct_python_fit","direct_python_fit_sec",3,2.60256805364043,2.59907742682844,2.60710952151567,,,,2.60256805364043,2.59907742682844,2.60710952151567,4.017,4.0125,4.019,0.952938580972642,0.401433333333333,0.198294822701428,0.764333333333333
"FlowRepository_FR-FCM-ZYRM_files","rapids_cuml_umap_full_direct","cuda","cuda","direct_python_fit","direct_python_fit_sec",3,197.748181656934,196.814913364127,197.921184864827,,,,197.748181656934,196.814913364127,197.921184864827,209.728,208.7775,209.9155,0.947252342029635,0.322355555555556,-0.186138102990865,0.441666666666667
"MNIST","rapids_cuml_umap_full_direct","cuda","cuda","direct_python_fit","direct_python_fit_sec",3,2.56984229385853,2.56647183792666,2.57658606069162,,,,2.56984229385853,2.56647183792666,2.57658606069162,3.553,3.551,3.565,0.942812032993692,0.4018,0.44339429147704,0.956
"Macosko2015_retina","rapids_cuml_umap_full_direct","cuda","cuda","direct_python_fit","direct_python_fit_sec",3,1.93199953064322,1.92589293187484,1.94116666447371,,,,1.93199953064322,1.92589293187484,1.94116666447371,2.459,2.4535,2.465,0.921325734333595,0.368966666666667,0.313130502788949,0.974
"MetRef","rapids_cuml_umap_full_direct","cuda","cuda","direct_python_fit","direct_python_fit_sec",3,1.79930601175874,1.79632379487157,1.7995433663018,,,,1.79930601175874,1.79632379487157,1.7995433663018,2.194,2.193,2.1965,0.851794263639018,0.408514700267278,0.135019719303648,0.710194730813288
"TabulaMuris","rapids_cuml_umap_full_direct","cuda","cuda","direct_python_fit","direct_python_fit_sec",3,2.3722264803946,2.35661225859076,2.37270225817337,,,,2.3722264803946,2.35661225859076,2.37270225817337,3.05,3.0345,3.0505,0.988253655805621,0.633933333333333,0.0432028633196496,0.84
"USPS","rapids_cuml_umap_full_direct","cuda","cuda","direct_python_fit","direct_python_fit_sec",3,1.75825468637049,1.75695904763416,1.77371809491888,,,,1.75825468637049,1.75695904763416,1.77371809491888,2.203,2.202,2.222,0.916187444481768,0.348288888888889,0.127528904964928,0.725333333333333
"flow18","rapids_cuml_umap_full_direct","cuda","cuda","direct_python_fit","direct_python_fit_sec",3,10.7477177632973,10.6208542222158,10.7515285941773,,,,10.7477177632973,10.6208542222158,10.7515285941773,12.959,12.836,12.9905,0.96461352592095,0.366777777777778,0.378274170764529,0.954
"imagenet","rapids_cuml_umap_full_direct","cuda","cuda","direct_python_fit","direct_python_fit_sec",3,314.316558673978,313.249233205803,315.027831885032,,,,314.316558673978,313.249233205803,315.027831885032,351.666,351.303,351.96,0.766068480573284,0.227344444444444,0.0756609961461748,0.194666666666667
"mass41","rapids_cuml_umap_full_direct","cuda","cuda","direct_python_fit","direct_python_fit_sec",3,8.14320587273687,8.14034624071791,8.15092507284134,,,,8.14320587273687,8.14034624071791,8.15092507284134,10.392,10.3785,10.543,0.967315000186616,0.339055555555556,0.300449679226527,0.889666666666667
