"dataset","method","method_label","family","backend","profile","timing_interface","timing_scope","runtime_measure","n_runs","runtime","runtime_q1","runtime_q3","r_public_function_total_call_sec","r_mediated_total_call_sec","direct_python_fit_sec","direct_python_process_total_sec","key_s10","table_s10_source","dataset_label","display_label"
"FashionMNIST","fastEmbedR_umap_cpu_binary_full","fastEmbedR binary","UMAP","cpu","cpu4","R public function","full_pipeline","r_public_function_total_call_sec",3,64.648,64.4735,65.095,64.648,,,,"FashionMNISTfastEmbedR_umap_cpu_binary_fullcpu4cpu",TRUE,"Fashion-MNIST","fastEmbedR binary [CPU]"
"MetRef","fastEmbedR_umap_cpu_binary_full","fastEmbedR binary","UMAP","cpu","cpu4","R public function","full_pipeline","r_public_function_total_call_sec",3,0.853,0.8305,0.855,0.853,,,,"MetReffastEmbedR_umap_cpu_binary_fullcpu4cpu",TRUE,"MetRef","fastEmbedR binary [CPU]"
"USPS","fastEmbedR_umap_cpu_binary_full","fastEmbedR binary","UMAP","cpu","cpu4","R public function","full_pipeline","r_public_function_total_call_sec",3,8.262,8.261,8.2895,8.262,,,,"USPSfastEmbedR_umap_cpu_binary_fullcpu4cpu",TRUE,"USPS","fastEmbedR binary [CPU]"
"mass41","fastEmbedR_umap_cpu_binary_full","fastEmbedR binary","UMAP","cpu","cpu4","R public function","full_pipeline","r_public_function_total_call_sec",3,648.497,648.0655,650.0025,648.497,,,,"mass41fastEmbedR_umap_cpu_binary_fullcpu4cpu",TRUE,"mass41","fastEmbedR binary [CPU]"
"flow18","fastEmbedR_umap_cpu_binary_full","fastEmbedR binary","UMAP","cpu","cpu4","R public function","full_pipeline","r_public_function_total_call_sec",3,643.102,641.449,643.221,643.102,,,,"flow18fastEmbedR_umap_cpu_binary_fullcpu4cpu",TRUE,"flow18","fastEmbedR binary [CPU]"
"TabulaMuris","fastEmbedR_umap_cpu_binary_full","fastEmbedR binary","UMAP","cpu","cpu4","R public function","full_pipeline","r_public_function_total_call_sec",3,65.458,65.245,65.517,65.458,,,,"TabulaMurisfastEmbedR_umap_cpu_binary_fullcpu4cpu",TRUE,"Tabula Muris","fastEmbedR binary [CPU]"
"COIL20","fastEmbedR_umap_cpu_binary_full","fastEmbedR binary","UMAP","cpu","cpu4","R public function","full_pipeline","r_public_function_total_call_sec",3,6.566,6.547,6.695,6.566,,,,"COIL20fastEmbedR_umap_cpu_binary_fullcpu4cpu",TRUE,"COIL-20","fastEmbedR binary [CPU]"
"imagenet","fastEmbedR_umap_cpu_binary_full","fastEmbedR binary","UMAP","cpu","cpu4","R public function","full_pipeline","r_public_function_total_call_sec",3,1182.497,1182.1485,1183.9845,1182.497,,,,"imagenetfastEmbedR_umap_cpu_binary_fullcpu4cpu",TRUE,"ImageNet","fastEmbedR binary [CPU]"
"MNIST","fastEmbedR_umap_cpu_binary_full","fastEmbedR binary","UMAP","cpu","cpu4","R public function","full_pipeline","r_public_function_total_call_sec",3,61.463,61.3465,61.5405,61.463,,,,"MNISTfastEmbedR_umap_cpu_binary_fullcpu4cpu",TRUE,"MNIST","fastEmbedR binary [CPU]"
"Macosko2015_retina","fastEmbedR_umap_cpu_binary_full","fastEmbedR binary","UMAP","cpu","cpu4","R public function","full_pipeline","r_public_function_total_call_sec",3,32.805,32.7705,32.903,32.805,,,,"Macosko2015_retinafastEmbedR_umap_cpu_binary_fullcpu4cpu",TRUE,"Retina","fastEmbedR binary [CPU]"
"FashionMNIST","fastEmbedR_umap_cpu_fuzzy_full","fastEmbedR fuzzy","UMAP","cpu","cpu4","R public function","full_pipeline","r_public_function_total_call_sec",3,31.865,31.829,31.88,31.865,,,,"FashionMNISTfastEmbedR_umap_cpu_fuzzy_fullcpu4cpu",TRUE,"Fashion-MNIST","fastEmbedR fuzzy [CPU]"
"Macosko2015_retina","fastEmbedR_umap_cpu_fuzzy_full","fastEmbedR fuzzy","UMAP","cpu","cpu4","R public function","full_pipeline","r_public_function_total_call_sec",3,10.07,10.0505,10.084,10.07,,,,"Macosko2015_retinafastEmbedR_umap_cpu_fuzzy_fullcpu4cpu",TRUE,"Retina","fastEmbedR fuzzy [CPU]"
"MetRef","fastEmbedR_umap_cpu_fuzzy_full","fastEmbedR fuzzy","UMAP","cpu","cpu4","R public function","full_pipeline","r_public_function_total_call_sec",3,0.599,0.585,0.615,0.599,,,,"MetReffastEmbedR_umap_cpu_fuzzy_fullcpu4cpu",TRUE,"MetRef","fastEmbedR fuzzy [CPU]"
"MNIST","fastEmbedR_umap_cpu_fuzzy_full","fastEmbedR fuzzy","UMAP","cpu","cpu4","R public function","full_pipeline","r_public_function_total_call_sec",3,29.294,29.293,29.379,29.294,,,,"MNISTfastEmbedR_umap_cpu_fuzzy_fullcpu4cpu",TRUE,"MNIST","fastEmbedR fuzzy [CPU]"
"TabulaMuris","fastEmbedR_umap_cpu_fuzzy_full","fastEmbedR fuzzy","UMAP","cpu","cpu4","R public function","full_pipeline","r_public_function_total_call_sec",3,20.359,20.2555,20.4665,20.359,,,,"TabulaMurisfastEmbedR_umap_cpu_fuzzy_fullcpu4cpu",TRUE,"Tabula Muris","fastEmbedR fuzzy [CPU]"
"COIL20","fastEmbedR_umap_cpu_fuzzy_full","fastEmbedR fuzzy","UMAP","cpu","cpu4","R public function","full_pipeline","r_public_function_total_call_sec",3,6.255,6.2355,6.3765,6.255,,,,"COIL20fastEmbedR_umap_cpu_fuzzy_fullcpu4cpu",TRUE,"COIL-20","fastEmbedR fuzzy [CPU]"
"USPS","fastEmbedR_umap_cpu_fuzzy_full","fastEmbedR fuzzy","UMAP","cpu","cpu4","R public function","full_pipeline","r_public_function_total_call_sec",3,3.956,3.951,3.9615,3.956,,,,"USPSfastEmbedR_umap_cpu_fuzzy_fullcpu4cpu",TRUE,"USPS","fastEmbedR fuzzy [CPU]"
"flow18","fastEmbedR_umap_cpu_fuzzy_full","fastEmbedR fuzzy","UMAP","cpu","cpu4","R public function","full_pipeline","r_public_function_total_call_sec",3,221.333,220.2215,221.7285,221.333,,,,"flow18fastEmbedR_umap_cpu_fuzzy_fullcpu4cpu",TRUE,"flow18","fastEmbedR fuzzy [CPU]"
"imagenet","fastEmbedR_umap_cpu_fuzzy_full","fastEmbedR fuzzy","UMAP","cpu","cpu4","R public function","full_pipeline","r_public_function_total_call_sec",3,530.911,529.856,533.2765,530.911,,,,"imagenetfastEmbedR_umap_cpu_fuzzy_fullcpu4cpu",TRUE,"ImageNet","fastEmbedR fuzzy [CPU]"
"mass41","fastEmbedR_umap_cpu_fuzzy_full","fastEmbedR fuzzy","UMAP","cpu","cpu4","R public function","full_pipeline","r_public_function_total_call_sec",3,214.018,213.9825,214.781,214.018,,,,"mass41fastEmbedR_umap_cpu_fuzzy_fullcpu4cpu",TRUE,"mass41","fastEmbedR fuzzy [CPU]"
"FashionMNIST","fastEmbedR_umap_cuda_binary_full","fastEmbedR binary","UMAP","cuda","cuda","R public function","full_pipeline","r_public_function_total_call_sec",3,1.06,1.0545,1.061,1.06,,,,"FashionMNISTfastEmbedR_umap_cuda_binary_fullcudacuda",TRUE,"Fashion-MNIST","fastEmbedR binary [CUDA]"
"flow18","fastEmbedR_umap_cuda_binary_full","fastEmbedR binary","UMAP","cuda","cuda","R public function","full_pipeline","r_public_function_total_call_sec",3,2.574,2.571,2.5755,2.574,,,,"flow18fastEmbedR_umap_cuda_binary_fullcudacuda",TRUE,"flow18","fastEmbedR binary [CUDA]"
"COIL20","fastEmbedR_umap_cuda_binary_full","fastEmbedR binary","UMAP","cuda","cuda","R public function","full_pipeline","r_public_function_total_call_sec",3,0.588,0.585,0.6015,0.588,,,,"COIL20fastEmbedR_umap_cuda_binary_fullcudacuda",TRUE,"COIL-20","fastEmbedR binary [CUDA]"
"MetRef","fastEmbedR_umap_cuda_binary_full","fastEmbedR binary","UMAP","cuda","cuda","R public function","full_pipeline","r_public_function_total_call_sec",3,0.567,0.56,0.567,0.567,,,,"MetReffastEmbedR_umap_cuda_binary_fullcudacuda",TRUE,"MetRef","fastEmbedR binary [CUDA]"
"USPS","fastEmbedR_umap_cuda_binary_full","fastEmbedR binary","UMAP","cuda","cuda","R public function","full_pipeline","r_public_function_total_call_sec",3,0.563,0.5595,0.57,0.563,,,,"USPSfastEmbedR_umap_cuda_binary_fullcudacuda",TRUE,"USPS","fastEmbedR binary [CUDA]"
"imagenet","fastEmbedR_umap_cuda_binary_full","fastEmbedR binary","UMAP","cuda","cuda","R public function","full_pipeline","r_public_function_total_call_sec",3,532.663,520.425,551.204,532.663,,,,"imagenetfastEmbedR_umap_cuda_binary_fullcudacuda",TRUE,"ImageNet","fastEmbedR binary [CUDA]"
"mass41","fastEmbedR_umap_cuda_binary_full","fastEmbedR binary","UMAP","cuda","cuda","R public function","full_pipeline","r_public_function_total_call_sec",3,2.997,2.9645,3.015,2.997,,,,"mass41fastEmbedR_umap_cuda_binary_fullcudacuda",TRUE,"mass41","fastEmbedR binary [CUDA]"
"FlowRepository_FR-FCM-ZYRM_files","fastEmbedR_umap_cuda_binary_full","fastEmbedR binary","UMAP","cuda","cuda","R public function","full_pipeline","r_public_function_total_call_sec",3,81.329,81.1435,81.426,81.329,,,,"FlowRepository_FR-FCM-ZYRM_filesfastEmbedR_umap_cuda_binary_fullcudacuda",TRUE,"FlowRepository","fastEmbedR binary [CUDA]"
"MNIST","fastEmbedR_umap_cuda_binary_full","fastEmbedR binary","UMAP","cuda","cuda","R public function","full_pipeline","r_public_function_total_call_sec",3,1.059,1.0555,1.0625,1.059,,,,"MNISTfastEmbedR_umap_cuda_binary_fullcudacuda",TRUE,"MNIST","fastEmbedR binary [CUDA]"
"Macosko2015_retina","fastEmbedR_umap_cuda_binary_full","fastEmbedR binary","UMAP","cuda","cuda","R public function","full_pipeline","r_public_function_total_call_sec",3,0.672,0.6675,0.673,0.672,,,,"Macosko2015_retinafastEmbedR_umap_cuda_binary_fullcudacuda",TRUE,"Retina","fastEmbedR binary [CUDA]"
"TabulaMuris","fastEmbedR_umap_cuda_binary_full","fastEmbedR binary","UMAP","cuda","cuda","R public function","full_pipeline","r_public_function_total_call_sec",3,0.897,0.8915,0.9125,0.897,,,,"TabulaMurisfastEmbedR_umap_cuda_binary_fullcudacuda",TRUE,"Tabula Muris","fastEmbedR binary [CUDA]"
"MNIST","fastEmbedR_umap_cuda_fuzzy_full","fastEmbedR fuzzy","UMAP","cuda","cuda","R public function","full_pipeline","r_public_function_total_call_sec",3,0.973,0.96,0.9855,0.973,,,,"MNISTfastEmbedR_umap_cuda_fuzzy_fullcudacuda",TRUE,"MNIST","fastEmbedR fuzzy [CUDA]"
"Macosko2015_retina","fastEmbedR_umap_cuda_fuzzy_full","fastEmbedR fuzzy","UMAP","cuda","cuda","R public function","full_pipeline","r_public_function_total_call_sec",3,0.611,0.607,0.634,0.611,,,,"Macosko2015_retinafastEmbedR_umap_cuda_fuzzy_fullcudacuda",TRUE,"Retina","fastEmbedR fuzzy [CUDA]"
"TabulaMuris","fastEmbedR_umap_cuda_fuzzy_full","fastEmbedR fuzzy","UMAP","cuda","cuda","R public function","full_pipeline","r_public_function_total_call_sec",3,0.811,0.807,0.8255,0.811,,,,"TabulaMurisfastEmbedR_umap_cuda_fuzzy_fullcudacuda",TRUE,"Tabula Muris","fastEmbedR fuzzy [CUDA]"
"USPS","fastEmbedR_umap_cuda_fuzzy_full","fastEmbedR fuzzy","UMAP","cuda","cuda","R public function","full_pipeline","r_public_function_total_call_sec",3,0.57,0.5625,0.57,0.57,,,,"USPSfastEmbedR_umap_cuda_fuzzy_fullcudacuda",TRUE,"USPS","fastEmbedR fuzzy [CUDA]"
"MetRef","fastEmbedR_umap_cuda_fuzzy_full","fastEmbedR fuzzy","UMAP","cuda","cuda","R public function","full_pipeline","r_public_function_total_call_sec",3,0.544,0.542,0.5545,0.544,,,,"MetReffastEmbedR_umap_cuda_fuzzy_fullcudacuda",TRUE,"MetRef","fastEmbedR fuzzy [CUDA]"
"FashionMNIST","fastEmbedR_umap_cuda_fuzzy_full","fastEmbedR fuzzy","UMAP","cuda","cuda","R public function","full_pipeline","r_public_function_total_call_sec",3,0.98,0.9795,0.984,0.98,,,,"FashionMNISTfastEmbedR_umap_cuda_fuzzy_fullcudacuda",TRUE,"Fashion-MNIST","fastEmbedR fuzzy [CUDA]"
"FlowRepository_FR-FCM-ZYRM_files","fastEmbedR_umap_cuda_fuzzy_full","fastEmbedR fuzzy","UMAP","cuda","cuda","R public function","full_pipeline","r_public_function_total_call_sec",3,77.134,76.8915,77.1715,77.134,,,,"FlowRepository_FR-FCM-ZYRM_filesfastEmbedR_umap_cuda_fuzzy_fullcudacuda",TRUE,"FlowRepository","fastEmbedR fuzzy [CUDA]"
"imagenet","fastEmbedR_umap_cuda_fuzzy_full","fastEmbedR fuzzy","UMAP","cuda","cuda","R public function","full_pipeline","r_public_function_total_call_sec",3,511.79,510.702,513.7735,511.79,,,,"imagenetfastEmbedR_umap_cuda_fuzzy_fullcudacuda",TRUE,"ImageNet","fastEmbedR fuzzy [CUDA]"
"mass41","fastEmbedR_umap_cuda_fuzzy_full","fastEmbedR fuzzy","UMAP","cuda","cuda","R public function","full_pipeline","r_public_function_total_call_sec",3,2.093,2.089,2.099,2.093,,,,"mass41fastEmbedR_umap_cuda_fuzzy_fullcudacuda",TRUE,"mass41","fastEmbedR fuzzy [CUDA]"
"flow18","fastEmbedR_umap_cuda_fuzzy_full","fastEmbedR fuzzy","UMAP","cuda","cuda","R public function","full_pipeline","r_public_function_total_call_sec",3,1.763,1.7575,1.7765,1.763,,,,"flow18fastEmbedR_umap_cuda_fuzzy_fullcudacuda",TRUE,"flow18","fastEmbedR fuzzy [CUDA]"
"COIL20","fastEmbedR_umap_cuda_fuzzy_full","fastEmbedR fuzzy","UMAP","cuda","cuda","R public function","full_pipeline","r_public_function_total_call_sec",3,0.59,0.5885,0.6165,0.59,,,,"COIL20fastEmbedR_umap_cuda_fuzzy_fullcudacuda",TRUE,"COIL-20","fastEmbedR fuzzy [CUDA]"
"MetRef","umap_package","umap","UMAP","cpu","cpu4","R public function","full_pipeline","r_public_function_total_call_sec",3,3.188,3.1685,3.349,3.188,,,,"MetRefumap_packagecpu4cpu",FALSE,"MetRef","umap [CPU]"
"Macosko2015_retina","umap_package","umap","UMAP","cpu","cpu4","R public function","full_pipeline","r_public_function_total_call_sec",3,363.6,359.0475,366.193,363.6,,,,"Macosko2015_retinaumap_packagecpu4cpu",FALSE,"Retina","umap [CPU]"
"TabulaMuris","umap_package","umap","UMAP","cpu","cpu4","R public function","full_pipeline","r_public_function_total_call_sec",3,734.107,733.2665,737.0085,734.107,,,,"TabulaMurisumap_packagecpu4cpu",FALSE,"Tabula Muris","umap [CPU]"
"COIL20","umap_package","umap","UMAP","cpu","cpu4","R public function","full_pipeline","r_public_function_total_call_sec",3,33.924,33.8155,34.025,33.924,,,,"COIL20umap_packagecpu4cpu",FALSE,"COIL-20","umap [CPU]"
"MNIST","umap_package","umap","UMAP","cpu","cpu4","R public function","full_pipeline","r_public_function_total_call_sec",3,938.783,922.178,942.2865,938.783,,,,"MNISTumap_packagecpu4cpu",FALSE,"MNIST","umap [CPU]"
"USPS","umap_package","umap","UMAP","cpu","cpu4","R public function","full_pipeline","r_public_function_total_call_sec",3,78.252,77.8485,81.5465,78.252,,,,"USPSumap_packagecpu4cpu",FALSE,"USPS","umap [CPU]"
"FashionMNIST","umap_package","umap","UMAP","cpu","cpu4","R public function","full_pipeline","r_public_function_total_call_sec",3,986.037,977.722,986.3965,986.037,,,,"FashionMNISTumap_packagecpu4cpu",FALSE,"Fashion-MNIST","umap [CPU]"
"FashionMNIST","uwot_default","uwot default","UMAP","cpu","cpu4","R public function","full_pipeline","r_public_function_total_call_sec",3,66.096,65.9915,66.2185,66.096,,,,"FashionMNISTuwot_defaultcpu4cpu",FALSE,"Fashion-MNIST","uwot default [CPU]"
"TabulaMuris","uwot_default","uwot default","UMAP","cpu","cpu4","R public function","full_pipeline","r_public_function_total_call_sec",3,70.198,69.97,70.336,70.198,,,,"TabulaMurisuwot_defaultcpu4cpu",FALSE,"Tabula Muris","uwot default [CPU]"
"Macosko2015_retina","uwot_default","uwot default","UMAP","cpu","cpu4","R public function","full_pipeline","r_public_function_total_call_sec",3,25.561,25.5325,25.71,25.561,,,,"Macosko2015_retinauwot_defaultcpu4cpu",FALSE,"Retina","uwot default [CPU]"
"mass41","uwot_default","uwot default","UMAP","cpu","cpu4","R public function","full_pipeline","r_public_function_total_call_sec",3,661.551,658.405,661.556,661.551,,,,"mass41uwot_defaultcpu4cpu",FALSE,"mass41","uwot default [CPU]"
"MetRef","uwot_default","uwot default","UMAP","cpu","cpu4","R public function","full_pipeline","r_public_function_total_call_sec",3,1.918,1.9065,1.955,1.918,,,,"MetRefuwot_defaultcpu4cpu",FALSE,"MetRef","uwot default [CPU]"
"imagenet","uwot_default","uwot default","UMAP","cpu","cpu4","R public function","full_pipeline","r_public_function_total_call_sec",3,2137.545,2135.154,2146.9745,2137.545,,,,"imagenetuwot_defaultcpu4cpu",FALSE,"ImageNet","uwot default [CPU]"
"USPS","uwot_default","uwot default","UMAP","cpu","cpu4","R public function","full_pipeline","r_public_function_total_call_sec",3,8.32,8.242,8.3635,8.32,,,,"USPSuwot_defaultcpu4cpu",FALSE,"USPS","uwot default [CPU]"
"COIL20","uwot_default","uwot default","UMAP","cpu","cpu4","R public function","full_pipeline","r_public_function_total_call_sec",3,20.011,19.9435,20.059,20.011,,,,"COIL20uwot_defaultcpu4cpu",FALSE,"COIL-20","uwot default [CPU]"
"flow18","uwot_default","uwot default","UMAP","cpu","cpu4","R public function","full_pipeline","r_public_function_total_call_sec",3,1007.355,1005.926,1007.9715,1007.355,,,,"flow18uwot_defaultcpu4cpu",FALSE,"flow18","uwot default [CPU]"
"MNIST","uwot_default","uwot default","UMAP","cpu","cpu4","R public function","full_pipeline","r_public_function_total_call_sec",3,68.042,67.8455,68.103,68.042,,,,"MNISTuwot_defaultcpu4cpu",FALSE,"MNIST","uwot default [CPU]"
"imagenet","uwot_fast_sgd","uwot fast SGD","UMAP","cpu","cpu4","R public function","full_pipeline","r_public_function_total_call_sec",3,1820.145,1779.242,1830.4855,1820.145,,,,"imagenetuwot_fast_sgdcpu4cpu",TRUE,"ImageNet","uwot fast SGD [CPU]"
"FashionMNIST","uwot_fast_sgd","uwot fast SGD","UMAP","cpu","cpu4","R public function","full_pipeline","r_public_function_total_call_sec",3,46.739,46.713,46.746,46.739,,,,"FashionMNISTuwot_fast_sgdcpu4cpu",TRUE,"Fashion-MNIST","uwot fast SGD [CPU]"
"mass41","uwot_fast_sgd","uwot fast SGD","UMAP","cpu","cpu4","R public function","full_pipeline","r_public_function_total_call_sec",3,347.603,346.8565,348.8995,347.603,,,,"mass41uwot_fast_sgdcpu4cpu",TRUE,"mass41","uwot fast SGD [CPU]"
"flow18","uwot_fast_sgd","uwot fast SGD","UMAP","cpu","cpu4","R public function","full_pipeline","r_public_function_total_call_sec",3,689.098,688.1915,690.1035,689.098,,,,"flow18uwot_fast_sgdcpu4cpu",TRUE,"flow18","uwot fast SGD [CPU]"
"Macosko2015_retina","uwot_fast_sgd","uwot fast SGD","UMAP","cpu","cpu4","R public function","full_pipeline","r_public_function_total_call_sec",3,12.583,12.498,12.599,12.583,,,,"Macosko2015_retinauwot_fast_sgdcpu4cpu",TRUE,"Retina","uwot fast SGD [CPU]"
"USPS","uwot_fast_sgd","uwot fast SGD","UMAP","cpu","cpu4","R public function","full_pipeline","r_public_function_total_call_sec",3,5.841,5.8285,5.8455,5.841,,,,"USPSuwot_fast_sgdcpu4cpu",TRUE,"USPS","uwot fast SGD [CPU]"
"MetRef","uwot_fast_sgd","uwot fast SGD","UMAP","cpu","cpu4","R public function","full_pipeline","r_public_function_total_call_sec",3,1.61,1.5985,1.613,1.61,,,,"MetRefuwot_fast_sgdcpu4cpu",TRUE,"MetRef","uwot fast SGD [CPU]"
"MNIST","uwot_fast_sgd","uwot fast SGD","UMAP","cpu","cpu4","R public function","full_pipeline","r_public_function_total_call_sec",3,48.807,48.7955,49.1445,48.807,,,,"MNISTuwot_fast_sgdcpu4cpu",TRUE,"MNIST","uwot fast SGD [CPU]"
"COIL20","uwot_fast_sgd","uwot fast SGD","UMAP","cpu","cpu4","R public function","full_pipeline","r_public_function_total_call_sec",3,19.23,19.2135,19.25,19.23,,,,"COIL20uwot_fast_sgdcpu4cpu",TRUE,"COIL-20","uwot fast SGD [CPU]"
"TabulaMuris","uwot_fast_sgd","uwot fast SGD","UMAP","cpu","cpu4","R public function","full_pipeline","r_public_function_total_call_sec",3,44.451,43.977,45.0665,44.451,,,,"TabulaMurisuwot_fast_sgdcpu4cpu",TRUE,"Tabula Muris","uwot fast SGD [CPU]"
"COIL20","python_umap_learn","Python umap-learn via R (total call)","UMAP","cpu","cpu4","R/reticulate","r_mediated_total_call","r_mediated_total_call_sec",3,20.974,20.8005,21.005,,20.974,,,,FALSE,"COIL-20","Python umap-learn via R (total call) [CPU]"
"MNIST","python_umap_learn","Python umap-learn via R (total call)","UMAP","cpu","cpu4","R/reticulate","r_mediated_total_call","r_mediated_total_call_sec",3,83.356,83.1485,84.211,,83.356,,,,FALSE,"MNIST","Python umap-learn via R (total call) [CPU]"
"Macosko2015_retina","python_umap_learn","Python umap-learn via R (total call)","UMAP","cpu","cpu4","R/reticulate","r_mediated_total_call","r_mediated_total_call_sec",3,50.987,50.5515,51.574,,50.987,,,,FALSE,"Retina","Python umap-learn via R (total call) [CPU]"
"MetRef","python_umap_learn","Python umap-learn via R (total call)","UMAP","cpu","cpu4","R/reticulate","r_mediated_total_call","r_mediated_total_call_sec",3,15.081,14.6945,15.102,,15.081,,,,FALSE,"MetRef","Python umap-learn via R (total call) [CPU]"
"FashionMNIST","python_umap_learn","Python umap-learn via R (total call)","UMAP","cpu","cpu4","R/reticulate","r_mediated_total_call","r_mediated_total_call_sec",3,79.73,77.004,80.1735,,79.73,,,,FALSE,"Fashion-MNIST","Python umap-learn via R (total call) [CPU]"
"TabulaMuris","python_umap_learn","Python umap-learn via R (total call)","UMAP","cpu","cpu4","R/reticulate","r_mediated_total_call","r_mediated_total_call_sec",3,90.442,88.7825,93.868,,90.442,,,,FALSE,"Tabula Muris","Python umap-learn via R (total call) [CPU]"
"USPS","python_umap_learn","Python umap-learn via R (total call)","UMAP","cpu","cpu4","R/reticulate","r_mediated_total_call","r_mediated_total_call_sec",3,22.939,22.5165,23.2385,,22.939,,,,FALSE,"USPS","Python umap-learn via R (total call) [CPU]"
"flow18","python_umap_learn","Python umap-learn via R (total call)","UMAP","cpu","cpu4","R/reticulate","r_mediated_total_call","r_mediated_total_call_sec",3,1143.379,1106.332,1154.2565,,1143.379,,,,FALSE,"flow18","Python umap-learn via R (total call) [CPU]"
"mass41","python_umap_learn","Python umap-learn via R (total call)","UMAP","cpu","cpu4","R/reticulate","r_mediated_total_call","r_mediated_total_call_sec",3,1118.253,1084.5035,1118.6075,,1118.253,,,,FALSE,"mass41","Python umap-learn via R (total call) [CPU]"
"FashionMNIST","python_umap_learn_direct","Python umap-learn direct (fit only)","UMAP","cpu","cpu4","direct Python","direct_python_fit","direct_python_fit_sec",3,77.2495644148439,73.1501032384112,77.4797252453863,,,77.2495644148439,79.146,,FALSE,"Fashion-MNIST","Python umap-learn direct (fit only) [CPU]"
"MNIST","python_umap_learn_direct","Python umap-learn direct (fit only)","UMAP","cpu","cpu4","direct Python","direct_python_fit","direct_python_fit_sec",3,81.752477925038,81.6330028244993,82.3135749894427,,,81.752477925038,83.535,,FALSE,"MNIST","Python umap-learn direct (fit only) [CPU]"
"Macosko2015_retina","python_umap_learn_direct","Python umap-learn direct (fit only)","UMAP","cpu","cpu4","direct Python","direct_python_fit","direct_python_fit_sec",3,49.5112347989343,49.3873907953966,49.5538525304291,,,49.5112347989343,50.416,,FALSE,"Retina","Python umap-learn direct (fit only) [CPU]"
"MetRef","python_umap_learn_direct","Python umap-learn direct (fit only)","UMAP","cpu","cpu4","direct Python","direct_python_fit","direct_python_fit_sec",3,12.4954642071389,12.3284325001296,12.7064031065674,,,12.4954642071389,13.394,,FALSE,"MetRef","Python umap-learn direct (fit only) [CPU]"
"TabulaMuris","python_umap_learn_direct","Python umap-learn direct (fit only)","UMAP","cpu","cpu4","direct Python","direct_python_fit","direct_python_fit_sec",3,85.8204787860159,85.7404421430547,87.7716002280359,,,85.8204787860159,87.176,,FALSE,"Tabula Muris","Python umap-learn direct (fit only) [CPU]"
"USPS","python_umap_learn_direct","Python umap-learn direct (fit only)","UMAP","cpu","cpu4","direct Python","direct_python_fit","direct_python_fit_sec",3,21.3630882289726,20.9046891705365,21.4163335064659,,,21.3630882289726,22.039,,FALSE,"USPS","Python umap-learn direct (fit only) [CPU]"
"flow18","python_umap_learn_direct","Python umap-learn direct (fit only)","UMAP","cpu","cpu4","direct Python","direct_python_fit","direct_python_fit_sec",3,1126.65822762297,1109.20507570845,1146.921354071,,,1126.65822762297,1129.114,,FALSE,"flow18","Python umap-learn direct (fit only) [CPU]"
"mass41","python_umap_learn_direct","Python umap-learn direct (fit only)","UMAP","cpu","cpu4","direct Python","direct_python_fit","direct_python_fit_sec",3,1121.98841348523,1091.36205221363,1128.05325653544,,,1121.98841348523,1124.876,,FALSE,"mass41","Python umap-learn direct (fit only) [CPU]"
"COIL20","python_umap_learn_direct","Python umap-learn direct (fit only)","UMAP","cpu","cpu4","direct Python","direct_python_fit","direct_python_fit_sec",3,19.3118180399761,18.3453930753749,19.388034429634,,,19.3118180399761,20.694,,FALSE,"COIL-20","Python umap-learn direct (fit only) [CPU]"
"COIL20","rapids_cuml_umap_full","RAPIDS cuML UMAP via R (total call)","UMAP","cuda","cuda","R/reticulate","r_mediated_total_call","r_mediated_total_call_sec",3,3.358,3.348,3.401,,3.358,,,,FALSE,"COIL-20","RAPIDS cuML UMAP via R (total call) [CUDA]"
"FashionMNIST","rapids_cuml_umap_full","RAPIDS cuML UMAP via R (total call)","UMAP","cuda","cuda","R/reticulate","r_mediated_total_call","r_mediated_total_call_sec",3,4.135,4.134,4.2345,,4.135,,,,FALSE,"Fashion-MNIST","RAPIDS cuML UMAP via R (total call) [CUDA]"
"FlowRepository_FR-FCM-ZYRM_files","rapids_cuml_umap_full","RAPIDS cuML UMAP via R (total call)","UMAP","cuda","cuda","R/reticulate","r_mediated_total_call","r_mediated_total_call_sec",3,199.395,198.3515,200.149,,199.395,,,,FALSE,"FlowRepository","RAPIDS cuML UMAP via R (total call) [CUDA]"
"MNIST","rapids_cuml_umap_full","RAPIDS cuML UMAP via R (total call)","UMAP","cuda","cuda","R/reticulate","r_mediated_total_call","r_mediated_total_call_sec",3,4.099,4.0905,4.1205,,4.099,,,,FALSE,"MNIST","RAPIDS cuML UMAP via R (total call) [CUDA]"
"Macosko2015_retina","rapids_cuml_umap_full","RAPIDS cuML UMAP via R (total call)","UMAP","cuda","cuda","R/reticulate","r_mediated_total_call","r_mediated_total_call_sec",3,3.157,3.151,3.2065,,3.157,,,,FALSE,"Retina","RAPIDS cuML UMAP via R (total call) [CUDA]"
"MetRef","rapids_cuml_umap_full","RAPIDS cuML UMAP via R (total call)","UMAP","cuda","cuda","R/reticulate","r_mediated_total_call","r_mediated_total_call_sec",3,3.009,3.007,3.014,,3.009,,,,FALSE,"MetRef","RAPIDS cuML UMAP via R (total call) [CUDA]"
"TabulaMuris","rapids_cuml_umap_full","RAPIDS cuML UMAP via R (total call)","UMAP","cuda","cuda","R/reticulate","r_mediated_total_call","r_mediated_total_call_sec",3,3.638,3.622,3.6435,,3.638,,,,FALSE,"Tabula Muris","RAPIDS cuML UMAP via R (total call) [CUDA]"
"USPS","rapids_cuml_umap_full","RAPIDS cuML UMAP via R (total call)","UMAP","cuda","cuda","R/reticulate","r_mediated_total_call","r_mediated_total_call_sec",3,2.979,2.9775,2.987,,2.979,,,,FALSE,"USPS","RAPIDS cuML UMAP via R (total call) [CUDA]"
"flow18","rapids_cuml_umap_full","RAPIDS cuML UMAP via R (total call)","UMAP","cuda","cuda","R/reticulate","r_mediated_total_call","r_mediated_total_call_sec",3,12.095,11.9695,12.1205,,12.095,,,,FALSE,"flow18","RAPIDS cuML UMAP via R (total call) [CUDA]"
"imagenet","rapids_cuml_umap_full","RAPIDS cuML UMAP via R (total call)","UMAP","cuda","cuda","R/reticulate","r_mediated_total_call","r_mediated_total_call_sec",3,326.833,326.189,327.8085,,326.833,,,,FALSE,"ImageNet","RAPIDS cuML UMAP via R (total call) [CUDA]"
"mass41","rapids_cuml_umap_full","RAPIDS cuML UMAP via R (total call)","UMAP","cuda","cuda","R/reticulate","r_mediated_total_call","r_mediated_total_call_sec",3,9.576,9.5345,9.6345,,9.576,,,,FALSE,"mass41","RAPIDS cuML UMAP via R (total call) [CUDA]"
"COIL20","rapids_cuml_umap_full_direct","RAPIDS cuML UMAP direct (fit only)","UMAP","cuda","cuda","direct Python","direct_python_fit","direct_python_fit_sec",3,1.86406767833978,1.86252010241151,1.86959386244417,,,1.86406767833978,2.84,,FALSE,"COIL-20","RAPIDS cuML UMAP direct (fit only) [CUDA]"
"FashionMNIST","rapids_cuml_umap_full_direct","RAPIDS cuML UMAP direct (fit only)","UMAP","cuda","cuda","direct Python","direct_python_fit","direct_python_fit_sec",3,2.60256805364043,2.59907742682844,2.60710952151567,,,2.60256805364043,4.017,,FALSE,"Fashion-MNIST","RAPIDS cuML UMAP direct (fit only) [CUDA]"
"FlowRepository_FR-FCM-ZYRM_files","rapids_cuml_umap_full_direct","RAPIDS cuML UMAP direct (fit only)","UMAP","cuda","cuda","direct Python","direct_python_fit","direct_python_fit_sec",3,197.748181656934,196.814913364127,197.921184864827,,,197.748181656934,209.728,,FALSE,"FlowRepository","RAPIDS cuML UMAP direct (fit only) [CUDA]"
"MNIST","rapids_cuml_umap_full_direct","RAPIDS cuML UMAP direct (fit only)","UMAP","cuda","cuda","direct Python","direct_python_fit","direct_python_fit_sec",3,2.56984229385853,2.56647183792666,2.57658606069162,,,2.56984229385853,3.553,,FALSE,"MNIST","RAPIDS cuML UMAP direct (fit only) [CUDA]"
"Macosko2015_retina","rapids_cuml_umap_full_direct","RAPIDS cuML UMAP direct (fit only)","UMAP","cuda","cuda","direct Python","direct_python_fit","direct_python_fit_sec",3,1.93199953064322,1.92589293187484,1.94116666447371,,,1.93199953064322,2.459,,FALSE,"Retina","RAPIDS cuML UMAP direct (fit only) [CUDA]"
"MetRef","rapids_cuml_umap_full_direct","RAPIDS cuML UMAP direct (fit only)","UMAP","cuda","cuda","direct Python","direct_python_fit","direct_python_fit_sec",3,1.79930601175874,1.79632379487157,1.7995433663018,,,1.79930601175874,2.194,,FALSE,"MetRef","RAPIDS cuML UMAP direct (fit only) [CUDA]"
"TabulaMuris","rapids_cuml_umap_full_direct","RAPIDS cuML UMAP direct (fit only)","UMAP","cuda","cuda","direct Python","direct_python_fit","direct_python_fit_sec",3,2.3722264803946,2.35661225859076,2.37270225817337,,,2.3722264803946,3.05,,FALSE,"Tabula Muris","RAPIDS cuML UMAP direct (fit only) [CUDA]"
"USPS","rapids_cuml_umap_full_direct","RAPIDS cuML UMAP direct (fit only)","UMAP","cuda","cuda","direct Python","direct_python_fit","direct_python_fit_sec",3,1.75825468637049,1.75695904763416,1.77371809491888,,,1.75825468637049,2.203,,FALSE,"USPS","RAPIDS cuML UMAP direct (fit only) [CUDA]"
"flow18","rapids_cuml_umap_full_direct","RAPIDS cuML UMAP direct (fit only)","UMAP","cuda","cuda","direct Python","direct_python_fit","direct_python_fit_sec",3,10.7477177632973,10.6208542222158,10.7515285941773,,,10.7477177632973,12.959,,FALSE,"flow18","RAPIDS cuML UMAP direct (fit only) [CUDA]"
"imagenet","rapids_cuml_umap_full_direct","RAPIDS cuML UMAP direct (fit only)","UMAP","cuda","cuda","direct Python","direct_python_fit","direct_python_fit_sec",3,314.316558673978,313.249233205803,315.027831885032,,,314.316558673978,351.666,,FALSE,"ImageNet","RAPIDS cuML UMAP direct (fit only) [CUDA]"
"mass41","rapids_cuml_umap_full_direct","RAPIDS cuML UMAP direct (fit only)","UMAP","cuda","cuda","direct Python","direct_python_fit","direct_python_fit_sec",3,8.14320587273687,8.14034624071791,8.15092507284134,,,8.14320587273687,10.392,,FALSE,"mass41","RAPIDS cuML UMAP direct (fit only) [CUDA]"
