"rank","oversample","power","seed","elapsed_sec","native_sec","sketch_sec","project_sec","subspace_cosine_mean","subspace_cosine_min","captured_variance","captured_variance_gap","reconstruction_error","singular_relative_error","gemm_backend","source_rows","reference_relative_difference"
2,10,0,4,0.00199999999999889,0.001632575,0.000154531,0.000215865,0.258027893678363,0.213898609681644,0.00826045953080451,0.01161670469542,0.995861205351158,0.359242082368801,"openblas_sgemm",512,3.55468664220258e-15
2,10,0,17,0.00200000000000244,0.001460648,0.000142367,0.000247995,0.270557506586602,0.252675888512813,0.00800153118285182,0.0118756330433727,0.995991199137305,0.368898438784224,"openblas_sgemm",512,3.55468664220258e-15
2,10,0,29,0.00200000000000244,0.001850182,0.000214158,0.000321978,0.240239206058515,0.155949338820746,0.0082210491590216,0.0116561150672029,0.995880992349205,0.36163342793005,"openblas_sgemm",512,3.55468664220258e-15
2,10,1,4,0.00199999999999889,0.001716343,0.000358233,0.000211448,0.617508490340076,0.508774325970279,0.0145339405597008,0.00534322366652374,0.99270643169571,0.145180570170792,"openblas_sgemm",512,3.55468664220258e-15
2,10,1,17,0.00199999999999889,0.001785913,0.000374925,0.000222503,0.66816120530184,0.569428191964288,0.0148247918717773,0.00505237235444722,0.992559926674534,0.136467886198645,"openblas_sgemm",512,3.55468664220258e-15
2,10,1,29,0.00199999999999889,0.001687455,0.000373597,0.000225292,0.599786952232671,0.4464482360093,0.0144375426045408,0.00543962162168379,0.992754983601917,0.148263363067591,"openblas_sgemm",512,3.55468664220258e-15
2,10,2,4,0.00199999999999889,0.002302942,0.001076301,0.000148369,0.835736583065303,0.732787320297621,0.0180930431691666,0.00178412105705792,0.990912184287351,0.0481819317381645,"openblas_sgemm",512,3.55468664220258e-15
2,10,2,17,0.00300000000000011,0.002448017,0.001085402,0.000153209,0.855274599034072,0.757209717897653,0.0182291592881557,0.00164800493806885,0.990843499499608,0.045961262154501,"openblas_sgemm",512,3.55468664220258e-15
2,10,2,29,0.00300000000000011,0.002417676,0.001074745,0.000149106,0.825788392987636,0.712262099871413,0.0178307521653167,0.00204641206090785,0.991044523569269,0.0587370862201946,"openblas_sgemm",512,3.55468664220258e-15
2,10,3,4,0.00300000000000011,0.002980179,0.001634844,0.000159545,0.918971442609811,0.849629304342244,0.0192132361077948,0.000663928118429736,0.990346789871033,0.0208960377239756,"openblas_sgemm",512,3.55468664220258e-15
2,10,3,17,0.00300000000000011,0.002782721,0.001462378,0.000148853,0.928213615630175,0.865152852383839,0.0192306656929044,0.000646498533320144,0.990337990097689,0.0210009904122963,"openblas_sgemm",512,3.55468664220258e-15
2,10,3,29,0.00300000000000011,0.00273209,0.001491622,0.000147418,0.91841898356683,0.851126834134504,0.0190535332595987,0.000823630966625848,0.990427416326984,0.0266913903884139,"openblas_sgemm",512,3.55468664220258e-15
2,20,0,4,0.00300000000000011,0.002718481,0.000238875,0.000501293,0.384590330516251,0.343515112768778,0.00906315377980913,0.0108140104464154,0.995458108794314,0.328760422960286,"openblas_sgemm",512,3.55468664220258e-15
2,20,0,17,0.00300000000000011,0.002591191,0.000226729,0.000524912,0.382584606148968,0.345079585493084,0.00896182445523661,0.0109153397709879,0.995509003289542,0.332598572888298,"openblas_sgemm",512,3.55468664220258e-15
2,20,0,29,0.00200000000000244,0.002455396,0.000233356,0.000525295,0.282798291023044,0.101481793460283,0.00919101026465658,0.010686153961568,0.995393886811872,0.322186813254775,"openblas_sgemm",512,3.55468664220258e-15
2,20,1,4,0.00300000000000011,0.002732443,0.000518372,0.000502587,0.767830695917078,0.676156592293785,0.0163689436525077,0.00350822057371688,0.991781758580021,0.0927082257944635,"openblas_sgemm",512,3.55468664220258e-15
2,20,1,17,0.00300000000000011,0.002876795,0.000554587,0.000499568,0.793230793082928,0.725938804697264,0.0163289438361109,0.00354822039011361,0.991801923864279,0.0939362055677503,"openblas_sgemm",512,3.55468664220258e-15
2,20,1,29,0.00300000000000011,0.00267695,0.000497967,0.000501775,0.749004890444269,0.640311937189969,0.0159736110641142,0.00390355316211037,0.991981042745828,0.10480168546701,"openblas_sgemm",512,3.55468664220258e-15
2,20,2,4,0.00399999999999778,0.004244998,0.002118241,0.000433381,0.910803375234166,0.845746280383021,0.0189134555143651,0.000963708711859405,0.990498129297843,0.0273276472513767,"openblas_sgemm",512,3.55468664220258e-15
2,20,2,17,0.00500000000000256,0.004350848,0.002093568,0.000431667,0.934607418792962,0.89049262008046,0.0189529650741295,0.000924199152095049,0.99047818496673,0.0265444622919253,"openblas_sgemm",512,3.55468664220258e-15
2,20,2,29,0.00500000000000256,0.004182515,0.002090345,0.000429116,0.907281028722942,0.844162761752006,0.018700703946791,0.00117646027943355,0.990605519929886,0.0333538655636905,"openblas_sgemm",512,3.55468664220258e-15
2,20,3,4,0.00500000000000256,0.005089921,0.002982243,0.000428523,0.961321613519505,0.926862606241805,0.0195410503512066,0.000336113875017915,0.99018127126405,0.0110884497506594,"openblas_sgemm",512,3.55468664220258e-15
2,20,3,17,0.00499999999999545,0.005066298,0.002945147,0.000420135,0.977276835343246,0.957824749098435,0.0195942694992243,0.000282894727000233,0.990154397269483,0.00931579397809006,"openblas_sgemm",512,3.55468664220258e-15
2,20,3,29,0.00500000000000256,0.00499491,0.002938885,0.000417937,0.965812328545024,0.937543167663503,0.0194825698151896,0.000394594411034982,0.990210800839767,0.0125455519085135,"openblas_sgemm",512,3.55468664220258e-15
2,40,0,4,0.00499999999999545,0.004316504,0.000284651,0.000779888,0.594027612542263,0.523831114026064,0.0116349436050086,0.00824222062121596,0.994165507604887,0.23506776230898,"openblas_sgemm",512,3.55468664220258e-15
2,40,0,17,0.00500000000000256,0.004299873,0.000288152,0.000774733,0.509445300612895,0.466812267570438,0.010181429551679,0.00969573467454552,0.994896261191874,0.28805151663621,"openblas_sgemm",512,3.55468664220258e-15
2,40,0,29,0.00500000000000256,0.004517597,0.000272023,0.000850153,0.464801087367085,0.315090989103368,0.0109119399753552,0.0089652242508693,0.994529064375178,0.259437866765126,"openblas_sgemm",512,3.55468664220258e-15
2,40,1,4,0.00500000000000256,0.00481044,0.000659514,0.000830917,0.902635016630595,0.847439570531609,0.0182910044704409,0.00158615975578365,0.990812290822496,0.0434805915787776,"openblas_sgemm",512,3.55468664220258e-15
2,40,1,17,0.00600000000000023,0.004814492,0.000680685,0.000818182,0.886576904520748,0.869110017256255,0.0175984526215104,0.00227871160471419,0.991161716140842,0.0592234199699415,"openblas_sgemm",512,3.55468664220258e-15
2,40,1,29,0.00500000000000256,0.004979596,0.000684633,0.000827421,0.891394492364498,0.832426255302384,0.0180226728715183,0.00185449135470622,0.990947691538771,0.0508007873487457,"openblas_sgemm",512,3.55468664220258e-15
2,40,2,4,0.007000000000005,0.007180684,0.00308473,0.000701904,0.972894924565634,0.950610490600639,0.0195161406384364,0.000361023587788185,0.990193849544566,0.011625964375498,"openblas_sgemm",512,3.55468664220258e-15
2,40,2,17,0.00800000000000267,0.007347599,0.00313549,0.000698281,0.9765482254239,0.966432813944029,0.0194683824990395,0.000408781727185024,0.990217964605384,0.0105607745240613,"openblas_sgemm",512,3.55468664220258e-15
2,40,2,29,0.00799999999999557,0.007078358,0.003119474,0.000699479,0.972313609081954,0.950242236966938,0.0194782851278146,0.000398879098409955,0.990212964207389,0.012680337954017,"openblas_sgemm",512,3.55468664220258e-15
2,40,3,4,0.00900000000000034,0.008475432,0.004560685,0.00069625,0.992122554931023,0.98486123868433,0.0197751545196339,0.000102009706590654,0.990063051055119,0.00365436776540931,"openblas_sgemm",512,3.55468664220258e-15
2,40,3,17,0.00900000000000034,0.008585639,0.004666115,0.000707182,0.994910579125369,0.991652441829839,0.0197943570184388,8.28072077857823e-05,0.990053353569505,0.00235375811298159,"openblas_sgemm",512,3.55468664220258e-15
2,40,3,29,0.00900000000000034,0.008395324,0.004522849,0.000690486,0.99280582272884,0.986349923267109,0.0197747065212306,0.000102457704993925,0.990063277458867,0.00360393894743051,"openblas_sgemm",512,3.55468664220258e-15
2,80,0,4,0.0100000000000051,0.009764782,0.000505084,0.001928977,0.713772880739493,0.648804765402047,0.0138073143033094,0.00606984992291519,0.993072346620828,0.166887957330023,"openblas_sgemm",512,3.55468664220258e-15
2,80,0,17,0.0109999999999957,0.01021167,0.000431476,0.002024285,0.678060406338566,0.634947811440616,0.0127560221098965,0.00712114211632805,0.993601518593953,0.199207185074121,"openblas_sgemm",512,3.55468664220258e-15
2,80,0,29,0.00999999999999801,0.009668098,0.000420506,0.001955081,0.722416938659976,0.673607639496089,0.0137563896424589,0.00612077458376563,0.993097986317354,0.168092539350307,"openblas_sgemm",512,3.55468664220258e-15
2,80,1,4,0.0109999999999957,0.010519329,0.000983366,0.001964672,0.958193450556272,0.934496485155309,0.0190877359712577,0.000789428254966813,0.990410149501026,0.0221700685110522,"openblas_sgemm",512,3.55468664220258e-15
2,80,1,17,0.0100000000000051,0.010227654,0.000967795,0.001919724,0.957329699704959,0.942415660553908,0.0189407450491549,0.000936419177069672,0.990484353628574,0.0239915691332564,"openblas_sgemm",512,3.55468664220258e-15
2,80,1,29,0.0100000000000051,0.010120346,0.00096678,0.001898273,0.962445615011625,0.943073250300303,0.0191346579348369,0.000742506291387654,0.990386461058436,0.0203058744756414,"openblas_sgemm",512,3.55468664220258e-15
2,80,2,4,0.0159999999999982,0.016181873,0.007331232,0.001707926,0.993254006557399,0.988162347720121,0.0197566431291734,0.000120521097051178,0.990072399888035,0.00379965613526223,"openblas_sgemm",512,3.55468664220258e-15
2,80,2,17,0.0150000000000006,0.015649587,0.006548554,0.001759035,0.994047419006853,0.990467101544423,0.0197591389017488,0.00011802532447577,0.990071139479247,0.00322876838007928,"openblas_sgemm",512,3.55468664220258e-15
2,80,2,29,0.0159999999999982,0.015872868,0.006928558,0.001802175,0.994158261746347,0.989771980652785,0.0197703877428908,0.000106776483333754,0.990065458464415,0.00335915773294614,"openblas_sgemm",512,3.55468664220258e-15
2,80,3,4,0.0189999999999984,0.019015078,0.010063575,0.001766782,0.998846406082593,0.99785393398914,0.0198563795899528,2.07846362717326e-05,0.990022030061939,0.000714294379653195,"openblas_sgemm",512,3.55468664220258e-15
2,80,3,17,0.0189999999999984,0.01919809,0.01017744,0.001769704,0.999105544397588,0.998414788508819,0.0198599073872912,1.72568389333085e-05,0.990020248486825,0.000535258055218843,"openblas_sgemm",512,3.55468664220258e-15
2,80,3,29,0.019999999999996,0.019000668,0.010022045,0.001752321,0.99900913887167,0.998146224712778,0.0198591786649478,1.79855612767073e-05,0.990020616743771,0.000625749661226801,"openblas_sgemm",512,3.55468664220258e-15
50,10,0,4,0.00799999999999557,0.006819863,0.000367508,0.001259787,0.470411640375323,0.0103808934631896,0.166289066615025,0.108318004684779,0.913077725373756,0.223656856215533,"openblas_sgemm",512,3.55468664220258e-15
50,10,0,17,0.007000000000005,0.006798197,0.000365626,0.001286632,0.465305797895686,0.026042788795419,0.166224689361933,0.108382381937872,0.913112977627721,0.223879675106663,"openblas_sgemm",512,3.55468664220258e-15
50,10,0,29,0.0069999999999979,0.006878928,0.000346331,0.001241038,0.467282721968715,0.0129263885331,0.166720066861802,0.107887004438003,0.912841680058414,0.22273563927337,"openblas_sgemm",512,3.55468664220258e-15
50,10,1,4,0.00799999999999557,0.007109991,0.000847603,0.001249238,0.688359157714475,0.0121899881175786,0.230136517791344,0.0444705535084608,0.877418646709595,0.0897446048230351,"openblas_sgemm",512,3.55468664220258e-15
50,10,1,17,0.007000000000005,0.00722386,0.000844486,0.001262952,0.682924275241631,0.019731904265641,0.229697887316227,0.0449091839835774,0.877668566931343,0.0900556015387572,"openblas_sgemm",512,3.55468664220258e-15
50,10,1,29,0.007000000000005,0.007169541,0.000856502,0.001253594,0.685898670615923,0.0143708616251625,0.229186481808623,0.0454205894911809,0.877959861699527,0.0913625000692552,"openblas_sgemm",512,3.55468664220258e-15
50,10,2,4,0.0110000000000028,0.010736051,0.004624555,0.001135851,0.796369421100405,0.0168335356959705,0.252563488049224,0.0220435832505809,0.864544106433874,0.0467927804997393,"openblas_sgemm",512,3.55468664220258e-15
50,10,2,17,0.0110000000000028,0.010782721,0.004652564,0.001131797,0.787031452085719,0.0728541017534306,0.252211438961903,0.0223956323379012,0.864747686124142,0.047089603899018,"openblas_sgemm",512,3.55468664220258e-15
50,10,2,29,0.0110000000000028,0.01075774,0.004651698,0.001125948,0.796128454682997,0.0846855541360293,0.25209195832884,0.0225151129709643,0.8648167673702,0.0472068825633649,"openblas_sgemm",512,3.55468664220258e-15
50,10,3,4,0.0139999999999958,0.012977682,0.006748131,0.001092401,0.857999273943793,0.0198954676321153,0.262245386769527,0.0123616845302774,0.858926430516738,0.0279382638842966,"openblas_sgemm",512,3.55468664220258e-15
50,10,3,17,0.0130000000000052,0.012871829,0.006699809,0.00109773,0.847265356069299,0.0864376369052009,0.261807583534812,0.0127994877649923,0.859181247493866,0.0287223349325721,"openblas_sgemm",512,3.55468664220258e-15
50,10,3,29,0.0129999999999981,0.012762773,0.00669517,0.001117385,0.854682671651288,0.101598712745768,0.26200391883316,0.0126031524666441,0.859066982822844,0.028192906906147,"openblas_sgemm",512,3.55468664220258e-15
50,20,0,4,0.00799999999999557,0.008228829,0.000425124,0.001594533,0.497116539048751,0.00471779786957901,0.173443272266122,0.101163799033682,0.90915165285206,0.206778766440642,"openblas_sgemm",512,3.55468664220258e-15
50,20,0,17,0.00900000000000034,0.008325016,0.000458225,0.001649544,0.496941573528815,0.00581036720020596,0.173169295952466,0.101437775347338,0.909302317207689,0.207335795329893,"openblas_sgemm",512,3.55468664220258e-15
50,20,0,29,0.00900000000000034,0.008249482,0.000440396,0.001600918,0.499333320374574,0.0258862471498694,0.174170769430477,0.100436301869327,0.90875146818042,0.205075496143028,"openblas_sgemm",512,3.55468664220258e-15
50,20,1,4,0.00900000000000034,0.008875435,0.000995606,0.001586279,0.722254185766146,0.0327953762801068,0.235976389782463,0.0386306815173415,0.874084441547671,0.077539096486594,"openblas_sgemm",512,3.55468664220258e-15
50,20,1,17,0.00900000000000034,0.008834646,0.000999845,0.001591324,0.724758782414708,0.0371113733512473,0.235840459928048,0.0387666113717567,0.874162193461372,0.0767918401861954,"openblas_sgemm",512,3.55468664220258e-15
50,20,1,29,0.00900000000000034,0.009139843,0.001082984,0.001644828,0.72658839165334,0.0543179595762071,0.235527551700684,0.0390795195991201,0.874341150971869,0.0781298765100771,"openblas_sgemm",512,3.55468664220258e-15
50,20,2,4,0.0139999999999958,0.013543951,0.00605584,0.00145484,0.830785895557811,0.0296277498415187,0.256956647146386,0.0176504241534187,0.861999624431314,0.0373542424137536,"openblas_sgemm",512,3.55468664220258e-15
50,20,2,17,0.0140000000000029,0.013520161,0.005947519,0.001449118,0.83115073107616,0.0453714314192297,0.256940540939363,0.0176665303604418,0.862008966463955,0.0367928463650436,"openblas_sgemm",512,3.55468664220258e-15
50,20,2,29,0.0150000000000006,0.013874352,0.00631013,0.001480359,0.831471952604666,0.0291539379069745,0.256579205579205,0.0180278657205996,0.862218530992522,0.0378244749737628,"openblas_sgemm",512,3.55468664220258e-15
50,20,3,4,0.0169999999999959,0.016431369,0.008853328,0.001473535,0.891536182794422,0.161738183167647,0.265454774800868,0.00915229649893612,0.857056138693987,0.0207513115452009,"openblas_sgemm",512,3.55468664220258e-15
50,20,3,17,0.017000000000003,0.016384531,0.008917317,0.00145201,0.886866442595697,0.0253532744549971,0.265416525580858,0.00919054571894623,0.857078452309368,0.020533024674334,"openblas_sgemm",512,3.55468664220258e-15
50,20,3,29,0.0169999999999959,0.016546134,0.008886896,0.001485359,0.887332613133584,0.026949541487764,0.265126888681629,0.0094801826181749,0.857247404355998,0.0213490419658038,"openblas_sgemm",512,3.55468664220258e-15
50,40,0,4,0.0129999999999981,0.012048376,0.00043863,0.002239356,0.553853524371827,0.00735716140189569,0.185842806460823,0.0887642648389813,0.902306596585449,0.17862210246694,"openblas_sgemm",512,3.55468664220258e-15
50,40,0,17,0.0109999999999957,0.011405105,0.0004637,0.002255189,0.554466577038366,0.023603742645116,0.185673327891614,0.0889337434081903,0.902400505121063,0.178693528291554,"openblas_sgemm",512,3.55468664220258e-15
50,40,0,29,0.0120000000000005,0.011629085,0.000449902,0.002303655,0.552794905913552,0.00670702624204745,0.186299232880372,0.0883078384194324,0.902053638756194,0.17735739369644,"openblas_sgemm",512,3.55468664220258e-15
50,40,1,4,0.0129999999999981,0.012256294,0.001056635,0.0023116,0.789211772478577,0.0738627762726762,0.245213676667292,0.0293933946325127,0.868784393924173,0.0582556496798413,"openblas_sgemm",512,3.55468664220258e-15
50,40,1,17,0.0129999999999981,0.012181056,0.001052861,0.002272738,0.786645173901388,0.0542415580351166,0.245228826855032,0.0293782444447725,0.868775675201154,0.0578096030723937,"openblas_sgemm",512,3.55468664220258e-15
50,40,1,29,0.0120000000000005,0.011763026,0.001059753,0.002221052,0.784906110618498,0.042576240722009,0.244843335757303,0.0297637355425017,0.868997505646741,0.0590780991302243,"openblas_sgemm",512,3.55468664220258e-15
50,40,2,4,0.0189999999999984,0.018386373,0.007925752,0.002076015,0.889670586340541,0.132130846208763,0.263110954238773,0.0114961170610313,0.858422417561541,0.024068843332285,"openblas_sgemm",512,3.55468664220258e-15
50,40,2,17,0.0189999999999984,0.018607085,0.007987053,0.00204871,0.889643096060706,0.31012512709846,0.26294787226073,0.0116591990390748,0.858517401172975,0.0244160805792112,"openblas_sgemm",512,3.55468664220258e-15
50,40,2,29,0.0189999999999984,0.018685302,0.00798565,0.002089196,0.886290079304921,0.0626152003554531,0.26260994691466,0.0119971243851447,0.858714186238295,0.0251936426126035,"openblas_sgemm",512,3.55468664220258e-15
50,40,3,4,0.0219999999999985,0.021841206,0.011416596,0.001989655,0.942120001392065,0.301943860890108,0.269571051463801,0.00503601983600388,0.854651359970868,0.0113534583848392,"openblas_sgemm",512,3.55468664220258e-15
50,40,3,17,0.0219999999999985,0.02207081,0.011510249,0.002029043,0.940155466807466,0.517255341280427,0.269374976333206,0.00523209496659793,0.854766063796466,0.0118514534267249,"openblas_sgemm",512,3.55468664220258e-15
50,40,3,29,0.0219999999999985,0.021594556,0.011334637,0.001965105,0.931818871732454,0.102851214177381,0.269089560057453,0.00551751124235095,0.85493300329724,0.0125333512028418,"openblas_sgemm",512,3.55468664220258e-15
50,80,0,4,0.0160000000000053,0.01634806,0.000587011,0.003883128,0.649712688333869,0.0601686866654509,0.205442242781011,0.0691648285187929,0.891379693123521,0.135916559308489,"openblas_sgemm",512,3.55468664220258e-15
50,80,0,17,0.0169999999999959,0.016549205,0.000572508,0.003842379,0.64792306533317,0.0263351046495276,0.205587735210681,0.0690193360891231,0.891298078241572,0.135410021580068,"openblas_sgemm",512,3.55468664220258e-15
50,80,0,29,0.017000000000003,0.016583492,0.000605107,0.003871876,0.652370133538162,0.0214828073014276,0.205709968440222,0.068897102859582,0.891229505371249,0.135317098994824,"openblas_sgemm",512,3.55468664220258e-15
50,80,1,4,0.0179999999999936,0.017255584,0.001413381,0.003782183,0.873458330555925,0.201850442229537,0.25747517602883,0.0171318952709741,0.861698801014566,0.033872119086005,"openblas_sgemm",512,3.55468664220258e-15
50,80,1,17,0.017000000000003,0.017211405,0.001412464,0.003901559,0.870941230273531,0.121520090850731,0.257193325482267,0.0174137458175376,0.861862329155432,0.0342971216035552,"openblas_sgemm",512,3.55468664220258e-15
50,80,1,29,0.0180000000000007,0.017077314,0.001368628,0.003844259,0.881889444479001,0.201132148485437,0.257144245398307,0.0174628259014974,0.861890801926144,0.0344535065384713,"openblas_sgemm",512,3.55468664220258e-15
50,80,2,4,0.0300000000000011,0.029312252,0.013716396,0.003543523,0.94965777398311,0.323051678948699,0.269541178129372,0.00506589317043266,0.854668838047782,0.0108790630049011,"openblas_sgemm",512,3.55468664220258e-15
50,80,2,17,0.0300000000000011,0.029122558,0.013676437,0.00358817,0.955516005383833,0.520073840600228,0.269398731754775,0.00520833954502919,0.854752167917471,0.0110608965164703,"openblas_sgemm",512,3.55468664220258e-15
50,80,2,29,0.0290000000000035,0.028942127,0.013637032,0.003515382,0.955787511213666,0.464406828133859,0.269379142264156,0.00522792903564845,0.854763626300509,0.011019153257066,"openblas_sgemm",512,3.55468664220258e-15
50,80,3,4,0.0360000000000014,0.035758539,0.020176635,0.00361215,0.984524834814099,0.801771408312304,0.272926341580095,0.00168072971970906,0.852686143008733,0.00402545576832679,"openblas_sgemm",512,3.55468664220258e-15
50,80,3,17,0.0360000000000014,0.035641032,0.020246989,0.003609666,0.985168443665986,0.807983940533692,0.272893033398444,0.00171403790136015,0.852705673898006,0.00402191798664974,"openblas_sgemm",512,3.55468664220258e-15
50,80,3,29,0.0360000000000014,0.035683835,0.020533251,0.003489605,0.98686796444087,0.884501129452594,0.272888563045176,0.00171850825462805,0.85270829571454,0.00393002335590132,"openblas_sgemm",512,3.55468664220258e-15
