case	phase	backend	mode	rows	cores	components	landmarks	neighbors	devices
cpu_pca_20k	pilot	cpu	pca	20000	4	2	0	30	-
cpu_knn_20k	pilot	cpu	knn	20000	4	2	0	30	-
cpu_umap_20k	pilot	cpu	umap	20000	4	2	1000	30	-
cpu_tsne_20k	pilot	cpu	tsne	20000	4	2	1000	30	-
cuda_pca_20k	pilot	cuda	pca	20000	4	2	0	30	-
cuda_knn_20k	pilot	cuda	knn	20000	4	2	0	30	-
cuda_umap_20k	pilot	cuda	umap	20000	4	2	1000	30	-
cuda_tsne_20k	pilot	cuda	tsne	20000	4	2	1000	30	-
cpu_pca_1m	scale	cpu	pca	1000000	4	2	0	30	-
cpu_knn_1m	scale	cpu	knn	1000000	4	2	0	30	-
cpu_umap_1m	scale	cpu	umap	1000000	4	2	5000	30	-
cpu_tsne_1m	scale	cpu	tsne	1000000	4	2	5000	30	-
cuda_pca_1m	scale	cuda	pca	1000000	4	2	0	30	-
cuda_knn_1m	scale	cuda	knn	1000000	4	2	0	30	-
cuda_umap_1m	scale	cuda	umap	1000000	4	2	5000	30	-
cuda_tsne_1m	scale	cuda	tsne	1000000	4	2	5000	30	-
cuda2_pca_1m	scale	cuda	pca	1000000	4	2	0	30	0,1
cuda2_umap_1m	scale	cuda	umap	1000000	4	2	5000	30	0,1
cuda2_tsne_1m	scale	cuda	tsne	1000000	4	2	5000	30	0,1
cpu_pca_100m	boundary	cpu	pca	100000000	4	2	0	30	-
cuda_pca_100m	boundary	cuda	pca	100000000	4	2	0	30	-
cuda2_pca_100m	boundary	cuda	pca	100000000	4	2	0	30	0,1
cpu_umap_100m	boundary	cpu	umap	100000000	4	2	10000	30	-
cuda_umap_100m	boundary	cuda	umap	100000000	4	2	10000	30	-
cuda_tsne_100m	boundary	cuda	tsne	100000000	4	2	10000	30	-
cuda2_pca_1b	billion	cuda	pca	1000000000	4	2	0	30	0,1
cuda2_umap_1b	billion	cuda	umap	1000000000	4	2	10000	30	0,1
cuda2_tsne_1b	billion	cuda	tsne	1000000000	4	2	10000	30	0,1
