"dataset","method","threads","median_sec","speedup","parallel_efficiency"
"COIL20","t-SNE",1,18.953,1,1
"COIL20","t-SNE",2,10.061,1.8838087665242,0.941904383262101
"COIL20","t-SNE",4,8.75900000000001,2.16383148761274,0.540957871903185
"COIL20","t-SNE",8,9.72399999999999,1.94909502262444,0.243636877828055
"COIL20","t-SNE",12,9.259,2.04698131547683,0.170581776289736
"COIL20","UMAP",1,14.544,1,1
"COIL20","UMAP",2,7.66699999999999,1.89696100169558,0.94848050084779
"COIL20","UMAP",4,6.638,2.19102139198554,0.547755347996384
"COIL20","UMAP",8,7.213,2.0163593511715,0.252044918896437
"COIL20","UMAP",12,6.84300000000001,2.12538360368259,0.177115300306883
"flow18","t-SNE",1,553.862,1,1
"flow18","t-SNE",2,449.356,1.23256838675794,0.616284193378969
"flow18","t-SNE",4,298.641,1.85460804109282,0.463652010273204
"flow18","t-SNE",8,240.704,2.30100870779048,0.28762608847381
"flow18","t-SNE",12,220.65,2.51013822796284,0.20917818566357
"flow18","UMAP",1,632.83,1,1
"flow18","UMAP",2,574.858,1.10084577408682,0.550422887043409
"flow18","UMAP",4,338.644,1.86871759133485,0.467179397833713
"flow18","UMAP",8,311.55,2.03123094206387,0.253903867757984
"flow18","UMAP",12,266.775,2.37214881454409,0.197679067878674
"imagenet","t-SNE",1,4052.909,1,1
"imagenet","t-SNE",2,3054.061,1.32705568094416,0.66352784047208
"imagenet","t-SNE",4,1754.761,2.3096643930427,0.577416098260675
"imagenet","t-SNE",8,1941.071,2.08797565879867,0.260996957349834
"imagenet","t-SNE",12,2754.539,1.4713565500434,0.12261304583695
"imagenet","UMAP",1,4135.614,1,1
"imagenet","UMAP",2,3230.875,1.2800290942856,0.640014547142802
"imagenet","UMAP",4,1774.623,2.33041834800969,0.582604587002422
"imagenet","UMAP",8,2047.521,2.01981518138275,0.252476897672844
"imagenet","UMAP",12,2778.255,1.48856530448069,0.124047108706724
"MNIST","t-SNE",1,300.38,1,1
"MNIST","t-SNE",2,197.61,1.5200647740499,0.760032387024948
"MNIST","t-SNE",4,121.866,2.46483842909425,0.616209607273563
"MNIST","t-SNE",8,93.446,3.21447681013634,0.401809601267042
"MNIST","t-SNE",12,102.197,2.9392252218754,0.244935435156283
"MNIST","UMAP",1,246.627,1,1
"MNIST","UMAP",2,170.678,1.44498412214814,0.722492061074069
"MNIST","UMAP",4,93.329,2.64255483290296,0.660638708225739
"MNIST","UMAP",8,67.549,3.65108291758575,0.456385364698219
"MNIST","UMAP",12,72.614,3.3964111603823,0.283034263365191
