"dataset","method","backend","landmark_fraction","runtime_ratio","preserve_delta","trust_delta","projected_full_procrustes","peak_rss_ratio","peak_gpu_ratio","memory_scope"
"COIL20","tsne","cpu",0.2,0.255024255024255,-0.00473333333333292,0.016327979464613,0.741510019244673,1.14625193791324,,"isolated_fit"
"FashionMNIST","tsne","cpu",0.2,0.170832000731028,-0.00523333333333403,-0.00086242005628101,0.943164754519497,1.13401317633866,,"isolated_fit"
"FlowRepository_FR-FCM-ZYRM_files","tsne","cpu",0.200000114934888,0.43392826534467,-0.00105,0.00349993178135899,0.98878919084696,0.645266515108373,,"isolated_fit"
"MNIST","tsne","cpu",0.2,0.171488516675906,-0.014483333333333,-0.00996034791506695,0.864276084655751,1.13836506709759,,"isolated_fit"
"Macosko2015_retina","tsne","cpu",0.200008926977325,0.824458557238235,-0.0109,0.00383473181546801,0.61196070607479,0.927565063764716,,"isolated_fit"
"MetRef","tsne","cpu",0.200458190148912,0.296220633299286,-0.249675448644521,-0.097473886506808,0.713966251729864,0.997510964709366,,"isolated_fit"
"TabulaMuris","tsne","cpu",0.200005993886236,0.337960954446855,0.016933333333334,0.0143584207384669,0.949750888575629,0.864876177188699,,"isolated_fit"
"USPS","tsne","cpu",0.2,0.493562231759658,-0.0368,-0.00624827321565602,0.855440525076964,0.979537526816566,,"isolated_fit"
"flow18","tsne","cpu",0.2000007999832,0.406885427109843,-0.00611666666666599,0.00476818453142303,0.954448191620782,0.644726459657664,,"isolated_fit"
"imagenet","tsne","cpu",0.200000468323021,0.522591205170871,0.00586666666666599,0.00847592107560702,0.850183310979788,1.20795235690166,,"isolated_fit"
"mass41","tsne","cpu",0.200000621580015,0.429315418868739,-0.01075,-0.000613302634944968,0.978119616711794,0.637967724500039,,"isolated_fit"
"COIL20","umap","cpu",0.2,0.419229219820062,-0.139733333333334,0.013564356435643,0.274951087134168,1.17223725870698,,"isolated_fit"
"FashionMNIST","umap","cpu",0.2,0.148564612015019,-0.00545000000000001,0.00148530741024999,0.805833609279127,1.1909413628006,,"isolated_fit"
"FlowRepository_FR-FCM-ZYRM_files","umap","cpu",0.200000114934888,0.318001572779361,-0.00529999999999997,0.00376519996588998,0.318165465356192,0.567410006161673,,"isolated_fit"
"MNIST","umap","cpu",0.2,0.152703061069859,-0.0296,-0.00693245501833395,0.517666206606479,1.19053911397474,,"isolated_fit"
"Macosko2015_retina","umap","cpu",0.200008926977325,0.344686948853616,-0.01105,0.00616080839089295,0.533651398026779,0.881254872216253,,"isolated_fit"
"MetRef","umap","cpu",0.200458190148912,1.51245551601423,-0.287094310805651,-0.178280310397294,0.505544295564122,1.02425421159511,,"isolated_fit"
"TabulaMuris","umap","cpu",0.200005993886236,0.338821827891194,0.019966666666667,0.022082041442824,0.0981085718824535,0.802856215199872,,"isolated_fit"
"USPS","umap","cpu",0.2,0.365539452495974,0.0176,0.041610002558199,0.519845557603033,1.01149709482013,,"isolated_fit"
"flow18","umap","cpu",0.2000007999832,0.194443721535459,-0.015733333333333,-0.00295512918905094,0.530353498296579,0.624079279606043,,"isolated_fit"
"imagenet","umap","cpu",0.200000468323021,0.46906673045119,0.010933333333333,0.00917129387113702,0.0616659712463434,1.28317848974329,,"isolated_fit"
"mass41","umap","cpu",0.200000621580015,0.210220915581688,-0.012083333333333,-0.002632634092266,0.687035806790041,0.602704884975883,,"isolated_fit"
"COIL20","tsne","cuda",0.2,1.03778040141677,0.00026666666666697,0.014420388705537,0.793159197286153,1.1435774783868,,"isolated_fit"
"FashionMNIST","tsne","cuda",0.2,0.756371814092953,-0.00561666666666599,-0.000216363946447973,0.949037512865764,1.31514366834039,,"isolated_fit"
"FlowRepository_FR-FCM-ZYRM_files","tsne","cuda",0.200000114934888,0.303245585257418,-0.001483333333333,0.00211138398567401,0.989528683399,1.30869580702442,,"isolated_fit"
"MNIST","tsne","cuda",0.2,0.734374999999998,-0.01355,-0.00612630681333703,0.876260947255001,1.31503360336527,,"isolated_fit"
"Macosko2015_retina","tsne","cuda",0.200008926977325,0.767759562841527,-0.012066666666667,0.00112786731474401,0.584841426737625,1.01432359390138,,"isolated_fit"
"MetRef","tsne","cuda",0.200458190148912,1.13071895424836,-0.253493699885452,-0.110677283942927,0.532043446086517,1.00899734540232,,"isolated_fit"
"TabulaMuris","tsne","cuda",0.200005993886236,0.270485282418457,0.0307666666666669,0.018037179159205,0.956342094686347,1.000764442503,,"isolated_fit"
"USPS","tsne","cuda",0.2,1.72169811320754,-0.033933333333333,-0.00811661976635103,0.857747270862325,1.02753031900534,,"isolated_fit"
"flow18","tsne","cuda",0.2000007999832,1.20285294734634,-0.00644999999999996,0.00350274580028997,0.956505205444244,1.08346564394791,,"isolated_fit"
"imagenet","tsne","cuda",0.200000468323021,0.384171155930116,0.00066666666666701,-0.00128894709271898,0.948107953832573,1.32064518697687,,"isolated_fit"
"mass41","tsne","cuda",0.200000621580015,1.15737051792829,-0.0124,-0.000934510104885988,0.978524097328163,1.09052679144073,,"isolated_fit"
"COIL20","umap","cuda",0.2,1.33467202141901,-0.112533333333333,0.0142807480748071,0.449321211769225,1.14262048792136,,"isolated_fit"
"FashionMNIST","umap","cuda",0.2,0.990557129367328,0.000350000000000017,0.00627505755947799,0.608999431839843,1.26264842450962,,"isolated_fit"
"FlowRepository_FR-FCM-ZYRM_files","umap","cuda",0.200000114934888,0.165915935925798,-0.00564999999999999,0.00332856655581193,0.55884393989033,1.31168817095318,,"isolated_fit"
"MNIST","umap","cuda",0.2,0.921663442940038,-0.035533333333333,-0.00930704357465595,0.474681253355551,1.26230231804294,,"isolated_fit"
"Macosko2015_retina","umap","cuda",0.200008926977325,2.34722222222222,-0.000666666666666982,0.00824321650891102,0.379860138853098,1.03493088717264,,"isolated_fit"
"MetRef","umap","cuda",0.200458190148912,2.94791666666666,-0.287285223367698,-0.166585295233876,0.539601109978163,1.01497225691002,,"isolated_fit"
"TabulaMuris","umap","cuda",0.200005993886236,1.34429400386847,0.0166999999999999,0.0204879679372391,0.209112573044243,0.901832743236851,,"isolated_fit"
"USPS","umap","cuda",0.2,2.6328125,0.034,0.048595847190245,0.349323011246308,1.03828961587582,,"isolated_fit"
"flow18","umap","cuda",0.2000007999832,1.28546409807356,-0.00768333333333399,-0.00174580881726005,0.632034475977714,1.05756673600817,,"isolated_fit"
"imagenet","umap","cuda",0.200000468323021,0.582147386631288,0.00976666666666699,0.00764986904138298,0.0703963193548343,1.31966676490426,,"isolated_fit"
"mass41","umap","cuda",0.200000621580015,1.29372045914922,-0.008533333333333,0.00108199027884404,0.629999705651798,1.06529371403387,,"isolated_fit"
