"dataset","mode","method","status_3d","seed_2d","seed_3d","dimensions_2d","dimensions_3d","timing_scope_2d","timing_scope_3d","timing_eligible_2d","timing_eligible_3d","n_2d","n_3d","sec_2d","sec_3d","trust_2d","trust_3d","preserve_2d","preserve_3d","sampled_kl_2d","sampled_kl_3d","host_rss_mib_2d","host_rss_mib_3d","gpu_incremental_mib_2d","gpu_incremental_mib_3d","runtime_ratio_3d_to_2d","trust_delta","preserve_delta","sampled_kl_delta","host_rss_ratio_3d_to_2d","gpu_memory_ratio_3d_to_2d"
"COIL20","python_cpu","python_opentsne","not_run",4,,2,,"direct_Python_fit",,TRUE,,1440,,40.937122059986,,0.940027722772277,,0.627133333333333,,1.45755688399126,,957.390625,,,,,,,,,
"COIL20","python_cpu","python_umap","not_run",4,,2,,"direct_Python_fit",,TRUE,,1440,,11.5525462671649,,0.910470847084708,,0.609533333333333,,,,1020.30859375,,,,,,,,,
"COIL20","python_cpu","sklearn_tsne","not_run",4,,2,,"direct_Python_fit",,TRUE,,1440,,5.19284693384543,,0.938386651998533,,0.628533333333333,,1.51804990131013,,782.42578125,,,,,,,,,
"FashionMNIST","python_cpu","python_opentsne","not_run",4,,2,,"direct_Python_fit",,TRUE,,70000,,241.5942699851,,0.967815818197322,,0.47245,,1.98656438718196,,1698.5078125,,,,,,,,,
"FashionMNIST","python_cpu","python_umap","not_run",4,,2,,"direct_Python_fit",,TRUE,,70000,,85.4546283939853,,0.971455231517012,,0.485583333333333,,,,2678.0859375,,,,,,,,,
"FashionMNIST","python_cpu","sklearn_tsne","not_run",4,,2,,"direct_Python_fit",,TRUE,,70000,,710.90917905909,,0.967805184616696,,0.470566666666667,,1.96698154492536,,1147.34375,,,,,,,,,
"MNIST","python_cpu","python_opentsne","not_run",4,,2,,"direct_Python_fit",,TRUE,,70000,,240.672681510216,,0.932773633495353,,0.4269,,2.40642540029078,,1637.03515625,,,,,,,,,
"MNIST","python_cpu","python_umap","not_run",4,,2,,"direct_Python_fit",,TRUE,,70000,,52.1042628230061,,0.94103393024644,,0.46215,,,,2560.25390625,,,,,,,,,
"MNIST","python_cpu","sklearn_tsne","not_run",4,,2,,"direct_Python_fit",,TRUE,,70000,,773.631015500985,,0.933917788010574,,0.429216666666667,,2.39313450046623,,1127.296875,,,,,,,,,
"Macosko2015_retina","python_cpu","python_opentsne","not_run",4,,2,,"direct_Python_fit",,TRUE,,44808,,96.9698978730012,,0.906310565361985,,0.418516666666667,,2.07768006665252,,981.52734375,,,,,,,,,
"Macosko2015_retina","python_cpu","python_umap","not_run",4,,2,,"direct_Python_fit",,TRUE,,44808,,28.1088752141222,,0.910885222136949,,0.4256,,,,1121.37109375,,,,,,,,,
"Macosko2015_retina","python_cpu","sklearn_tsne","not_run",4,,2,,"direct_Python_fit",,TRUE,,44808,,225.539926487021,,0.905700477530485,,0.4191,,2.0842071438889,,757.015625,,,,,,,,,
"MetRef","python_cpu","python_opentsne","not_run",4,,2,,"direct_Python_fit",,TRUE,,873,,11.7922917788383,,0.833820708302908,,0.417182130584192,,2.09049249220929,,565.3671875,,,,,,,,,
"MetRef","python_cpu","python_umap","not_run",4,,2,,"direct_Python_fit",,TRUE,,873,,1.48422786290757,,0.822018043832601,,0.412256586483391,,,,643.55859375,,,,,,,,,
"MetRef","python_cpu","sklearn_tsne","not_run",4,,2,,"direct_Python_fit",,TRUE,,873,,1.53847433696501,,0.829704056690072,,0.41618938526155,,2.11412006706454,,440.796875,,,,,,,,,
"TabulaMuris","python_cpu","python_opentsne","not_run",4,,2,,"direct_Python_fit",,TRUE,,100102,,125.197552654892,,0.94841563059606,,0.612233333333333,,1.81748501368949,,1411.75390625,,,,,,,,,
"TabulaMuris","python_cpu","python_umap","not_run",4,,2,,"direct_Python_fit",,TRUE,,100102,,64.2631742761005,,0.963125556408289,,0.653116666666667,,,,1717.921875,,,,,,,,,
"TabulaMuris","python_cpu","sklearn_tsne","not_run",4,,2,,"direct_Python_fit",,TRUE,,100102,,648.09050834598,,0.951309107188539,,0.6118,,1.79461907921281,,1057.1171875,,,,,,,,,
"USPS","python_cpu","python_opentsne","not_run",4,,2,,"direct_Python_fit",,TRUE,,11000,,108.188112117117,,0.941778980131321,,0.44765,,2.18866145196462,,764.95703125,,,,,,,,,
"USPS","python_cpu","python_umap","not_run",4,,2,,"direct_Python_fit",,TRUE,,11000,,8.35815595998429,,0.887811682442227,,0.37305,,,,907.1953125,,,,,,,,,
"USPS","python_cpu","sklearn_tsne","not_run",4,,2,,"direct_Python_fit",,TRUE,,11000,,66.8163021488581,,0.941394107614906,,0.449366666666667,,2.18330434681071,,510.3984375,,,,,,,,,
"flow18","python_cpu","python_opentsne","not_run",4,,2,,"direct_Python_fit",,FALSE,,1000021,,1097.84416131582,,0.960795250277138,,0.437816666666667,,2.1160645956556,,8078.8515625,,,,,,,,,
"flow18","python_cpu","python_umap","not_run",4,,2,,"direct_Python_fit",,FALSE,,1000021,,1636.35571762384,,0.967287959409909,,0.443866666666667,,,,13267.953125,,,,,,,,,
"imagenet","python_cpu","python_opentsne","not_run",4,,2,,"direct_Python_fit",,FALSE,,1281167,,1484.38090561493,,0.668067539724114,,0.165266666666667,,3.47950058519623,,21974.17578125,,,,,,,,,
"imagenet","python_cpu","python_umap","not_run",4,,2,,"direct_Python_fit",,FALSE,,1281167,,5653.91646441305,,0.633200733368256,,0.143666666666667,,,,52914.4765625,,,,,,,,,
"mass41","python_cpu","python_opentsne","not_run",4,,2,,"direct_Python_fit",,TRUE,,965282,,583.898176063085,,0.960273846678605,,0.39485,,2.22734017230993,,8698.015625,,,,,,,,,
"mass41","python_cpu","python_umap","not_run",4,,2,,"direct_Python_fit",,TRUE,,965282,,884.502798598027,,0.969983201159717,,0.41185,,,,16775.7890625,,,,,,,,,
"COIL20","python_cuda","cuml_tsne","not_run",4,,2,,"direct_Python_fit",,TRUE,,1440,,5.93616761802696,,0.933548808214155,,0.623133333333333,,1.31663269026769,,1403.68359375,,6713,,,,,,,
"COIL20","python_cuda","cuml_umap","not_run",4,,2,,"direct_Python_fit",,TRUE,,1440,,0.182728304993361,,0.919953355335534,,0.6196,,,,1420.6953125,,749,,,,,,,
"FashionMNIST","python_cuda","cuml_tsne","not_run",4,,2,,"direct_Python_fit",,TRUE,,70000,,2.42013041395694,,0.965760876609534,,0.491216666666667,,1.74446775841126,,1623.90625,,1315,,,,,,,
"FashionMNIST","python_cuda","cuml_umap","not_run",4,,2,,"direct_Python_fit",,TRUE,,70000,,0.867379777133465,,0.966707998635627,,0.462833333333333,,,,1616.93359375,,1085,,,,,,,
"FlowRepository_FR-FCM-ZYRM_files","python_cuda","cuml_umap","not_run",4,,2,,"direct_Python_fit",,TRUE,,5220347,,198.413970622933,,0.967221625309116,,0.4428,,,,12214.8125,,,,,,,,,
"MNIST","python_cuda","cuml_tsne","not_run",4,,2,,"direct_Python_fit",,TRUE,,70000,,2.39437231211923,,0.93090461328558,,0.4434,,2.16434568330692,,1614.359375,,,,,,,,,
"MNIST","python_cuda","cuml_umap","not_run",4,,2,,"direct_Python_fit",,TRUE,,70000,,0.865414226893336,,0.93456234331031,,0.443833333333333,,,,1594.3203125,,,,,,,,,
"Macosko2015_retina","python_cuda","cuml_tsne","not_run",4,,2,,"direct_Python_fit",,TRUE,,44808,,1.27054468286224,,0.900120388846252,,0.427516666666667,,1.91564253801811,,1076.26953125,,689,,,,,,,
"Macosko2015_retina","python_cuda","cuml_umap","not_run",4,,2,,"direct_Python_fit",,TRUE,,44808,,0.296403608983383,,0.904350174810267,,0.410883333333333,,,,1164.109375,,657,,,,,,,
"MetRef","python_cuda","cuml_tsne","not_run",4,,2,,"direct_Python_fit",,TRUE,,873,,0.192682324908674,,0.797478569920717,,0.358342878961436,,2.15319693150694,,1040.91015625,,481,,,,,,,
"MetRef","python_cuda","cuml_umap","not_run",4,,2,,"direct_Python_fit",,TRUE,,873,,0.176976745016873,,0.821044447443675,,0.411225658648339,,,,1059.25,,573,,,,,,,
"TabulaMuris","python_cuda","cuml_tsne","not_run",4,,2,,"direct_Python_fit",,TRUE,,100102,,2.63008628203534,,0.939614129785964,,0.59155,,1.59601711971929,,1100.0390625,,909,,,,,,,
"TabulaMuris","python_cuda","cuml_umap","not_run",4,,2,,"direct_Python_fit",,TRUE,,100102,,0.721325607970357,,0.969694619254711,,0.6433,,,,1243.40625,,741,,,,,,,
"USPS","python_cuda","cuml_tsne","not_run",4,,2,,"direct_Python_fit",,TRUE,,11000,,0.407069429056719,,0.939646670077599,,0.461933333333333,,2.00550689051794,,1093.62890625,,,,,,,,,
"USPS","python_cuda","cuml_umap","not_run",4,,2,,"direct_Python_fit",,TRUE,,11000,,0.135951944161206,,0.883157533896137,,0.362616666666667,,,,1101.21875,,,,,,,,,
"flow18","python_cuda","cuml_tsne","not_run",4,,2,,"direct_Python_fit",,TRUE,,1000021,,51.390516710002,,0.951138952843865,,0.42175,,1.85701569571908,,1190.55859375,,5353,,,,,,,
"flow18","python_cuda","cuml_umap","not_run",4,,2,,"direct_Python_fit",,TRUE,,1000021,,9.10995867778547,,0.961248801910122,,0.431866666666667,,,,2592.7890625,,1873,,,,,,,
"imagenet","python_cuda","cuml_tsne","not_run",4,,2,,"direct_Python_fit",,TRUE,,1281167,,182.881951586111,,0.635437646237122,,0.123566666666667,,3.30957023171619,,19233.1796875,,17375,,,,,,,
"imagenet","python_cuda","cuml_umap","not_run",4,,2,,"direct_Python_fit",,TRUE,,1281167,,306.801720768912,,0.646717967522263,,0.160733333333333,,,,16383.32421875,,12249,,,,,,,
"mass41","python_cuda","cuml_tsne","not_run",4,,2,,"direct_Python_fit",,TRUE,,965282,,48.653456581058,,0.94946968534152,,0.396383333333333,,1.96044557258692,,1195.578125,,,,,,,,,
"mass41","python_cuda","cuml_umap","not_run",4,,2,,"direct_Python_fit",,TRUE,,965282,,6.50837989593856,,0.966941766862795,,0.406716666666667,,,,2654.921875,,,,,,,,,
"COIL20","r_cpu","fastembedr_tsne","not_run",4,,2,,"R_public_fit",,TRUE,,1440,,18.798,,0.938169710304364,,0.629933333333333,,1.38827230267696,,889.7265625,,,,,,,,,
"COIL20","r_cpu","fastembedr_umap","not_run",4,,2,,"R_public_fit",,TRUE,,1440,,6.767,,0.91606600660066,,0.614866666666667,,,,888.7109375,,,,,,,,,
"COIL20","r_cpu","fastembedr_umap_binary","not_run",4,,2,,"R_public_fit",,TRUE,,1440,,6.991,,0.877311331133113,,0.542266666666667,,,,888.6796875,,,,,,,,,
"COIL20","r_cpu","fitsne","not_run",4,,2,,"R_public_fit",,TRUE,,1440,,15.042,,0.939829996332967,,0.627733333333333,,1.30933562567496,,1012.6953125,,,,,,,,,
"COIL20","r_cpu","r_umap","not_run",4,,2,,"R_public_fit",,TRUE,,1440,,180.719,,0.917517271727173,,0.616266666666667,,,,1486.74609375,,,,,,,,,
"COIL20","r_cpu","rtsne","not_run",4,,2,,"R_workflow_fit",,TRUE,,1440,,11.965,,0.938016574990832,,0.629266666666667,,1.36164829395971,,1416.06640625,,,,,,,,,
"COIL20","r_cpu","uwot","not_run",4,,2,,"R_public_fit",,TRUE,,1440,,14.619,,0.931680821415475,,0.611933333333333,,,,1081.3671875,,,,,,,,,
"COIL20","r_cpu","uwot_fast_sgd","not_run",4,,2,,"R_public_fit",,TRUE,,1440,,13.705,,0.918846057939127,,0.613466666666667,,,,1081.74609375,,,,,,,,,
"FashionMNIST","r_cpu","fastembedr_tsne","not_run",4,,2,,"R_public_fit",,TRUE,,70000,,124.908,,0.971777539012535,,0.48285,,1.90508240224233,,1563.08203125,,,,,,,,,
"FashionMNIST","r_cpu","fastembedr_umap","not_run",4,,2,,"R_public_fit",,TRUE,,70000,,79.699,,0.971069139592394,,0.47895,,,,1531.70703125,,,,,,,,,
"FashionMNIST","r_cpu","fastembedr_umap_binary","not_run",4,,2,,"R_public_fit",,TRUE,,70000,,126.96,,0.972284778715784,,0.485966666666667,,,,1531.7734375,,,,,,,,,
"FashionMNIST","r_cpu","fitsne","not_run",4,,2,,"R_public_fit",,TRUE,,70000,,84.077,,0.96722198345698,,0.475733333333333,,1.89604402578431,,1792.37109375,,,,,,,,,
"FashionMNIST","r_cpu","r_umap","not_run",4,,2,,"R_public_fit",,FALSE,,70000,,2704.221,,0.971426221540036,,0.485716666666667,,,,8155.41015625,,,,,,,,,
"FashionMNIST","r_cpu","rtsne","not_run",4,,2,,"R_workflow_fit",,TRUE,,70000,,425.811,,0.965053713652255,,0.483333333333333,,1.70967033538596,,2743.48046875,,,,,,,,,
"FashionMNIST","r_cpu","uwot","not_run",4,,2,,"R_public_fit",,TRUE,,70000,,62.773,,0.971779884028311,,0.484683333333333,,,,1719.48046875,,,,,,,,,
"FashionMNIST","r_cpu","uwot_fast_sgd","not_run",4,,2,,"R_public_fit",,TRUE,,70000,,51.419,,0.972024081180182,,0.4847,,,,1736.64453125,,,,,,,,,
"FlowRepository_FR-FCM-ZYRM_files","r_cpu","fastembedr_tsne","not_run",4,,2,,"R_public_fit",,FALSE,,5220347,,3354.018,,0.95889722861772,,0.43095,,2.11252707040147,,13521.80859375,,,,,,,,,
"FlowRepository_FR-FCM-ZYRM_files","r_cpu","fastembedr_umap","not_run",4,,2,,"R_public_fit",,FALSE,,5220347,,2987.423,,0.962090662573548,,0.44375,,,,25818.40234375,,,,,,,,,
"FlowRepository_FR-FCM-ZYRM_files","r_cpu","fastembedr_umap_binary","not_run",4,,2,,"R_public_fit",,FALSE,,5220347,,5212.166,,0.966008680822035,,0.44965,,,,25818.703125,,,,,,,,,
"FlowRepository_FR-FCM-ZYRM_files","r_cpu","fitsne","not_run",4,,2,,"R_public_fit",,FALSE,,5220347,,3701.876,,0.957528378954549,,0.43225,,2.09298174383447,,17090.6640625,,,,,,,,,
"FlowRepository_FR-FCM-ZYRM_files","r_cpu","uwot","not_run",4,,2,,"R_public_fit",,FALSE,,5220347,,6015.797,,0.967574776157585,,0.447316666666667,,,,37540.7734375,,,,,,,,,
"FlowRepository_FR-FCM-ZYRM_files","r_cpu","uwot_fast_sgd","not_run",4,,2,,"R_public_fit",,FALSE,,5220347,,3958.135,,0.968312228191353,,0.446066666666667,,,,37541.3671875,,,,,,,,,
"MNIST","r_cpu","fastembedr_tsne","not_run",4,,2,,"R_public_fit",,TRUE,,70000,,128.856,,0.939244342116483,,0.436266666666667,,2.34370845458705,,1563.30078125,,,,,,,,,
"MNIST","r_cpu","fastembedr_umap","not_run",4,,2,,"R_public_fit",,TRUE,,70000,,86.213,,0.940116074017225,,0.456983333333333,,,,1532.01953125,,,,,,,,,
"MNIST","r_cpu","fastembedr_umap_binary","not_run",4,,2,,"R_public_fit",,TRUE,,70000,,113.441,,0.940717012023535,,0.455016666666667,,,,1529.3984375,,,,,,,,,
"MNIST","r_cpu","fitsne","not_run",4,,2,,"R_public_fit",,TRUE,,70000,,108.509,,0.933276072311759,,0.429083333333333,,2.31170075951577,,1791.203125,,,,,,,,,
"MNIST","r_cpu","r_umap","not_run",4,,2,,"R_public_fit",,FALSE,,70000,,2222.834,,0.938626664961201,,0.460366666666667,,,,9213.09765625,,,,,,,,,
"MNIST","r_cpu","rtsne","not_run",4,,2,,"R_workflow_fit",,TRUE,,70000,,824.719,,0.935028702993093,,0.45455,,2.1108963405863,,2743.69140625,,,,,,,,,
"MNIST","r_cpu","uwot","not_run",4,,2,,"R_public_fit",,TRUE,,70000,,65.921,,0.940860202950456,,0.457283333333333,,,,1719.2109375,,,,,,,,,
"MNIST","r_cpu","uwot_fast_sgd","not_run",4,,2,,"R_public_fit",,TRUE,,70000,,52.641,,0.940509814956937,,0.456483333333333,,,,1750.015625,,,,,,,,,
"Macosko2015_retina","r_cpu","fastembedr_tsne","not_run",4,,2,,"R_public_fit",,TRUE,,44808,,27.657,,0.905542142065319,,0.42445,,2.02473237715704,,791.6875,,,,,,,,,
"Macosko2015_retina","r_cpu","fastembedr_umap","not_run",4,,2,,"R_public_fit",,TRUE,,44808,,17.552,,0.903067468235695,,0.40585,,,,832.23828125,,,,,,,,,
"Macosko2015_retina","r_cpu","fastembedr_umap_binary","not_run",4,,2,,"R_public_fit",,TRUE,,44808,,34.32,,0.909176225803701,,0.4231,,,,832.55859375,,,,,,,,,
"Macosko2015_retina","r_cpu","fitsne","not_run",4,,2,,"R_public_fit",,TRUE,,44808,,59.092,,0.906724140871493,,0.419133333333333,,1.99187631645638,,905.4375,,,,,,,,,
"Macosko2015_retina","r_cpu","r_umap","not_run",4,,2,,"R_public_fit",,TRUE,,44808,,468.765,,0.909776063784429,,0.426033333333333,,,,5446.80859375,,,,,,,,,
"Macosko2015_retina","r_cpu","rtsne","not_run",4,,2,,"R_workflow_fit",,TRUE,,44808,,70.142,,0.902686927602968,,0.419883333333333,,1.87544200216371,,909.3984375,,,,,,,,,
"Macosko2015_retina","r_cpu","uwot","not_run",4,,2,,"R_public_fit",,TRUE,,44808,,25.549,,0.913851070179927,,0.422416666666667,,,,936.8828125,,,,,,,,,
"Macosko2015_retina","r_cpu","uwot_fast_sgd","not_run",4,,2,,"R_public_fit",,TRUE,,44808,,13.511,,0.909518521360962,,0.414266666666667,,,,938.4140625,,,,,,,,,
"MetRef","r_cpu","fastembedr_tsne","not_run",4,,2,,"R_public_fit",,TRUE,,873,,9.798,,0.847575272035981,,0.443757159221077,,1.85224987219838,,526.4375,,,,,,,,,
"MetRef","r_cpu","fastembedr_umap","not_run",4,,2,,"R_public_fit",,TRUE,,873,,0.22,,0.827927866197402,,0.414127529591447,,,,524.53515625,,,,,,,,,
"MetRef","r_cpu","fastembedr_umap_binary","not_run",4,,2,,"R_public_fit",,TRUE,,873,,0.437,,0.788586174239147,,0.351011836578847,,,,524.7109375,,,,,,,,,
"MetRef","r_cpu","fitsne","not_run",4,,2,,"R_public_fit",,TRUE,,873,,3.807,,0.818839828397869,,0.404505536464299,,2.12963290353342,,604.1953125,,,,,,,,,
"MetRef","r_cpu","r_umap","not_run",4,,2,,"R_public_fit",,TRUE,,873,,4.126,,0.817013204689412,,0.404849179075983,,,,643.5,,,,,,,,,
"MetRef","r_cpu","rtsne","not_run",4,,2,,"R_workflow_fit",,TRUE,,873,,0.862,,0.828247676461462,,0.41733486063383,,2.04665761173403,,617.98046875,,,,,,,,,
"MetRef","r_cpu","uwot","not_run",4,,2,,"R_public_fit",,TRUE,,873,,1.365,,0.829501493270765,,0.416953035509737,,,,615.26171875,,,,,,,,,
"MetRef","r_cpu","uwot_fast_sgd","not_run",4,,2,,"R_public_fit",,TRUE,,873,,0.795,,0.829860339674399,,0.420618556701031,,,,615.8515625,,,,,,,,,
"TabulaMuris","r_cpu","fastembedr_tsne","not_run",4,,2,,"R_public_fit",,TRUE,,100102,,86.46,,0.949106122623007,,0.61865,,1.76068368232876,,1005.09375,,,,,,,,,
"TabulaMuris","r_cpu","fastembedr_umap","not_run",4,,2,,"R_public_fit",,TRUE,,100102,,26.467,,0.92651836786902,,0.605566666666667,,,,910.78125,,,,,,,,,
"TabulaMuris","r_cpu","fastembedr_umap_binary","not_run",4,,2,,"R_public_fit",,TRUE,,100102,,75.773,,0.965050942269975,,0.653866666666667,,,,908.9609375,,,,,,,,,
"TabulaMuris","r_cpu","fitsne","not_run",4,,2,,"R_public_fit",,TRUE,,100102,,104.971,,0.94891282510446,,0.607216666666667,,1.7014884184296,,977.5859375,,,,,,,,,
"TabulaMuris","r_cpu","r_umap","not_run",4,,2,,"R_public_fit",,FALSE,,100102,,1805.634,,0.966291933145732,,0.654683333333333,,,,7375.76171875,,,,,,,,,
"TabulaMuris","r_cpu","rtsne","not_run",4,,2,,"R_workflow_fit",,TRUE,,100102,,156.76,,0.940912475483926,,0.592466666666667,,1.54310536427832,,1016.32421875,,,,,,,,,
"TabulaMuris","r_cpu","uwot","not_run",4,,2,,"R_public_fit",,TRUE,,100102,,105.853,,0.965825982774793,,0.644833333333333,,,,1300.28515625,,,,,,,,,
"TabulaMuris","r_cpu","uwot_fast_sgd","not_run",4,,2,,"R_public_fit",,TRUE,,100102,,61.906,,0.960241741280805,,0.635566666666667,,,,1300.4140625,,,,,,,,,
"USPS","r_cpu","fastembedr_tsne","not_run",4,,2,,"R_public_fit",,TRUE,,11000,,11.924,,0.949485639976123,,0.466583333333333,,2.03636936841036,,830.2890625,,,,,,,,,
"USPS","r_cpu","fastembedr_umap","not_run",4,,2,,"R_public_fit",,TRUE,,11000,,3.287,,0.886583175577727,,0.357966666666667,,,,752.8046875,,,,,,,,,
"USPS","r_cpu","fastembedr_umap_binary","not_run",4,,2,,"R_public_fit",,TRUE,,11000,,7.6,,0.943999249594952,,0.444183333333333,,,,768.890625,,,,,,,,,
"USPS","r_cpu","fitsne","not_run",4,,2,,"R_public_fit",,TRUE,,11000,,6.644,,0.94213765668969,,0.455083333333333,,2.02114840588941,,908.2421875,,,,,,,,,
"USPS","r_cpu","r_umap","not_run",4,,2,,"R_public_fit",,TRUE,,11000,,145.002,,0.890746729768909,,0.377483333333333,,,,1932.1015625,,,,,,,,,
"USPS","r_cpu","rtsne","not_run",4,,2,,"R_workflow_fit",,TRUE,,11000,,15.352,,0.943086475654473,,0.453783333333333,,2.01184722932305,,889.03125,,,,,,,,,
"USPS","r_cpu","uwot","not_run",4,,2,,"R_public_fit",,TRUE,,11000,,7.118,,0.887504886160143,,0.372616666666667,,,,868.2109375,,,,,,,,,
"USPS","r_cpu","uwot_fast_sgd","not_run",4,,2,,"R_public_fit",,TRUE,,11000,,4.559,,0.887731636394645,,0.369116666666667,,,,883.609375,,,,,,,,,
"flow18","r_cpu","fastembedr_tsne","not_run",4,,2,,"R_public_fit",,TRUE,,1000021,,299.748,,0.960356800545749,,0.437766666666667,,2.10038055982381,,2593.01171875,,,,,,,,,
"flow18","r_cpu","fastembedr_umap","not_run",4,,2,,"R_public_fit",,TRUE,,1000021,,319.347,,0.966604834996163,,0.452366666666667,,,,4514.16796875,,,,,,,,,
"flow18","r_cpu","fastembedr_umap_binary","not_run",4,,2,,"R_public_fit",,TRUE,,1000021,,762.402,,0.964952443080072,,0.444466666666667,,,,4513.91796875,,,,,,,,,
"flow18","r_cpu","fitsne","not_run",4,,2,,"R_public_fit",,TRUE,,1000021,,736.161,,0.962216048435235,,0.444433333333333,,2.05954621487476,,2748.41796875,,,,,,,,,
"flow18","r_cpu","rtsne","not_run",4,,2,,"R_workflow_fit",,FALSE,,1000021,,1725.523,,0.949534450413576,,0.405866666666667,,1.94946935245833,,4282.875,,,,,,,,,
"flow18","r_cpu","uwot","not_run",4,,2,,"R_public_fit",,FALSE,,1000021,,1301.518,,0.964064551888804,,0.4447,,,,6938.58203125,,,,,,,,,
"flow18","r_cpu","uwot_fast_sgd","not_run",4,,2,,"R_public_fit",,TRUE,,1000021,,729.01,,0.96341191268014,,0.441566666666667,,,,6938.6484375,,,,,,,,,
"imagenet","r_cpu","fastembedr_tsne","not_run",4,,2,,"R_public_fit",,FALSE,,1281167,,1672.186,,0.645701344508469,,0.1548,,3.59693340802175,,23006.2734375,,,,,,,,,
"imagenet","r_cpu","fastembedr_umap","not_run",4,,2,,"R_public_fit",,FALSE,,1281167,,1559.191,,0.587998288807404,,0.113033333333333,,,,22315.9453125,,,,,,,,,
"imagenet","r_cpu","fastembedr_umap_binary","not_run",4,,2,,"R_public_fit",,FALSE,,1281167,,2319.603,,0.622601711192597,,0.142566666666667,,,,22315.65234375,,,,,,,,,
"imagenet","r_cpu","fitsne","not_run",4,,2,,"R_public_fit",,FALSE,,1281167,,2541.427,,0.667249135673127,,0.166266666666667,,3.4458887278817,,35358.90625,,,,,,,,,
"imagenet","r_cpu","uwot","not_run",4,,2,,"R_public_fit",,FALSE,,1281167,,2643.364,,0.637256155055003,,0.1452,,,,28136.03515625,,,,,,,,,
"imagenet","r_cpu","uwot_fast_sgd","not_run",4,,2,,"R_public_fit",,FALSE,,1281167,,1709.67,,0.618975729002968,,0.135433333333333,,,,28138.1953125,,,,,,,,,
"mass41","r_cpu","fastembedr_tsne","not_run",4,,2,,"R_public_fit",,TRUE,,965282,,299.586,,0.962772209431227,,0.401316666666667,,2.17824932032788,,2572.640625,,,,,,,,,
"mass41","r_cpu","fastembedr_umap","not_run",4,,2,,"R_public_fit",,TRUE,,965282,,306.956,,0.968044308007163,,0.409133333333333,,,,4624.5234375,,,,,,,,,
"mass41","r_cpu","fastembedr_umap_binary","not_run",4,,2,,"R_public_fit",,TRUE,,965282,,756.288,,0.967352570990023,,0.411666666666667,,,,4624.5234375,,,,,,,,,
"mass41","r_cpu","fitsne","not_run",4,,2,,"R_public_fit",,TRUE,,965282,,390.477,,0.96033391319178,,0.40015,,2.1489824500018,,2806.73046875,,,,,,,,,
"mass41","r_cpu","rtsne","not_run",4,,2,,"R_workflow_fit",,FALSE,,965282,,2745.943,,0.943764159631619,,0.372466666666667,,2.03314074657722,,4446.51171875,,,,,,,,,
"mass41","r_cpu","uwot","not_run",4,,2,,"R_public_fit",,TRUE,,965282,,589.605,,0.969551078707257,,0.414683333333333,,,,7113.6484375,,,,,,,,,
"mass41","r_cpu","uwot_fast_sgd","not_run",4,,2,,"R_public_fit",,TRUE,,965282,,485.49,,0.970711580114266,,0.415816666666667,,,,7113.58203125,,,,,,,,,
"COIL20","r_cuda","fastembedr_tsne","not_run",4,,2,,"R_public_fit",,TRUE,,1440,,0.861,,0.93926629996333,,0.627333333333333,,1.48014611986918,,1185.390625,,885,,,,,,,
"COIL20","r_cuda","fastembedr_umap","not_run",4,,2,,"R_public_fit",,TRUE,,1440,,0.769,,0.908259185918592,,0.612933333333333,,,,1081.01953125,,569,,,,,,,
"COIL20","r_cuda","fastembedr_umap_binary","not_run",4,,2,,"R_public_fit",,TRUE,,1440,,0.799,,0.924342060872754,,0.625266666666667,,,,1081.25,,479,,,,,,,
"FashionMNIST","r_cuda","fastembedr_tsne","not_run",4,,2,,"R_public_fit",,TRUE,,70000,,1.386,,0.973261627014582,,0.485433333333333,,1.87659173696243,,1839.15625,,1055,,,,,,,
"FashionMNIST","r_cuda","fastembedr_umap","not_run",4,,2,,"R_public_fit",,TRUE,,70000,,1.031,,0.961845348341434,,0.46275,,,,1691.71875,,797,,,,,,,
"FashionMNIST","r_cuda","fastembedr_umap_binary","not_run",4,,2,,"R_public_fit",,TRUE,,70000,,1.086,,0.971466606975356,,0.486333333333333,,,,1691.8125,,797,,,,,,,
"FlowRepository_FR-FCM-ZYRM_files","r_cuda","fastembedr_tsne","not_run",4,,2,,"R_public_fit",,TRUE,,5220347,,93.161,,0.96455599044939,,0.439566666666667,,2.0700861252277,,6994.6328125,,,,,,,,,
"FlowRepository_FR-FCM-ZYRM_files","r_cuda","fastembedr_umap","not_run",4,,2,,"R_public_fit",,TRUE,,5220347,,75.915,,0.959654029163469,,0.444783333333333,,,,6919.43359375,,,,,,,,,
"FlowRepository_FR-FCM-ZYRM_files","r_cuda","fastembedr_umap_binary","not_run",4,,2,,"R_public_fit",,TRUE,,5220347,,79.609,,0.965359358744777,,0.447383333333333,,,,6918.92578125,,,,,,,,,
"MNIST","r_cuda","fastembedr_tsne","not_run",4,,2,,"R_public_fit",,TRUE,,70000,,1.401,,0.940958531593758,,0.4372,,2.31625401315447,,1835.484375,,,,,,,,,
"MNIST","r_cuda","fastembedr_umap","not_run",4,,2,,"R_public_fit",,TRUE,,70000,,1.034,,0.93873943890168,,0.45245,,,,1694.203125,,,,,,,,,
"MNIST","r_cuda","fastembedr_umap_binary","not_run",4,,2,,"R_public_fit",,TRUE,,70000,,1.103,,0.941054310565362,,0.45715,,,,1692.08984375,,,,,,,,,
"Macosko2015_retina","r_cuda","fastembedr_tsne","not_run",4,,2,,"R_public_fit",,TRUE,,44808,,0.420999999999999,,0.911791174213354,,0.432033333333333,,1.97012410355672,,1132.99609375,,593,,,,,,,
"Macosko2015_retina","r_cuda","fastembedr_umap","not_run",4,,2,,"R_public_fit",,TRUE,,44808,,0.141,,0.899659196725505,,0.4065,,,,1018.26171875,,547,,,,,,,
"Macosko2015_retina","r_cuda","fastembedr_umap_binary","not_run",4,,2,,"R_public_fit",,TRUE,,44808,,0.186,,0.908805440436599,,0.422133333333333,,,,1017.6171875,,517,,,,,,,
"MetRef","r_cuda","fastembedr_tsne","not_run",4,,2,,"R_public_fit",,TRUE,,873,,0.163,,0.847808058471154,,0.441504390988927,,1.84580769950797,,836.8359375,,509,,,,,,,
"MetRef","r_cuda","fastembedr_umap","not_run",4,,2,,"R_public_fit",,TRUE,,873,,0.0860000000000003,,0.836015037680718,,0.427605956471936,,,,726.90234375,,479,,,,,,,
"MetRef","r_cuda","fastembedr_umap_binary","not_run",4,,2,,"R_public_fit",,TRUE,,873,,0.0880000000000001,,0.798486126828233,,0.361741122565865,,,,727.54296875,,479,,,,,,,
"TabulaMuris","r_cuda","fastembedr_tsne","not_run",4,,2,,"R_public_fit",,TRUE,,100102,,3.242,,0.961632659674256,,0.63175,,1.73578995028644,,1249.91015625,,1183,,,,,,,
"TabulaMuris","r_cuda","fastembedr_umap","not_run",4,,2,,"R_public_fit",,TRUE,,100102,,0.353,,0.922577223501322,,0.606583333333333,,,,1208.625,,897,,,,,,,
"TabulaMuris","r_cuda","fastembedr_umap_binary","not_run",4,,2,,"R_public_fit",,TRUE,,100102,,0.443000000000001,,0.960606003240385,,0.65195,,,,1207.96875,,777,,,,,,,
"USPS","r_cuda","fastembedr_tsne","not_run",4,,2,,"R_public_fit",,TRUE,,11000,,0.218,,0.951745928199881,,0.467833333333333,,2.02444226847742,,1156.5078125,,,,,,,,,
"USPS","r_cuda","fastembedr_umap","not_run",4,,2,,"R_public_fit",,TRUE,,11000,,0.117,,0.885323526903726,,0.358433333333333,,,,1022.98828125,,,,,,,,,
"USPS","r_cuda","fastembedr_umap_binary","not_run",4,,2,,"R_public_fit",,TRUE,,11000,,0.123,,0.908210940564509,,0.358316666666667,,,,1022.40625,,,,,,,,,
"flow18","r_cuda","fastembedr_tsne","not_run",4,,2,,"R_public_fit",,TRUE,,1000021,,6.066,,0.966594840965294,,0.44485,,2.04917357468994,,2009.19921875,,1585,,,,,,,
"flow18","r_cuda","fastembedr_umap","not_run",4,,2,,"R_public_fit",,TRUE,,1000021,,1.142,,0.961547002643472,,0.435116666666667,,,,1958.73828125,,1999,,,,,,,
"flow18","r_cuda","fastembedr_umap_binary","not_run",4,,2,,"R_public_fit",,TRUE,,1000021,,1.69,,0.963862070435747,,0.440266666666667,,,,1960.08203125,,1995,,,,,,,
"imagenet","r_cuda","fastembedr_tsne","not_run",4,,2,,"R_public_fit",,TRUE,,1281167,,505.018,,0.666716850008731,,0.1672,,3.50980729794197,,21712.69921875,,18217,,,,,,,
"imagenet","r_cuda","fastembedr_umap","not_run",4,,2,,"R_public_fit",,TRUE,,1281167,,506.109,,0.584547127640999,,0.103766666666667,,,,21640.609375,,13893,,,,,,,
"imagenet","r_cuda","fastembedr_umap_binary","not_run",4,,2,,"R_public_fit",,TRUE,,1281167,,497.329,,0.637454688318491,,0.153766666666667,,,,21641.04296875,,13899,,,,,,,
"mass41","r_cuda","fastembedr_tsne","not_run",4,,2,,"R_public_fit",,TRUE,,965282,,6.293,,0.96811836786902,,0.407333333333333,,2.12835820588555,,2012.36328125,,,,,,,,,
"mass41","r_cuda","fastembedr_umap","not_run",4,,2,,"R_public_fit",,TRUE,,965282,,1.506,,0.967686015178648,,0.403683333333333,,,,1953.01171875,,,,,,,,,
"mass41","r_cuda","fastembedr_umap_binary","not_run",4,,2,,"R_public_fit",,TRUE,,965282,,2.101,,0.969121710582417,,0.411883333333333,,,,1951.72265625,,,,,,,,,
